t,cmdty,market_id,market_name,state_id,state_name,district_id,district_name,variety,p_min,p_max,p_modal
"2025-10-30","Chili Red","10190","Anna nagar(Uzhavar Sandhai )","33","Tamil Nadu","623","Madurai","Bold","20000","20000","20000"
"2025-10-30","Chili Red","10202","Rasipuram(Uzhavar Sandhai )","33","Tamil Nadu","609","Namakkal","Bold","14000","15000","15000"
"2025-10-30","Chili Red","10256","Ambattur(Uzhavar Sandhai )","33","Tamil Nadu","602","Thiruvallur","Bold","20000","20000","20000"
"2025-10-29","Chili Red","10190","Anna nagar(Uzhavar Sandhai )","33","Tamil Nadu","623","Madurai","Bold","20000","20000","20000"
"2025-10-29","Chili Red","10256","Ambattur(Uzhavar Sandhai )","33","Tamil Nadu","602","Thiruvallur","Bold","18000","18000","18000"
"2025-10-29","Chili Red","10202","Rasipuram(Uzhavar Sandhai )","33","Tamil Nadu","609","Namakkal","Bold","14000","15000","15000"
"2025-10-28","Chili Red","10202","Rasipuram(Uzhavar Sandhai )","33","Tamil Nadu","609","Namakkal","Bold","13000","15000","15000"
"2025-10-28","Chili Red","10256","Ambattur(Uzhavar Sandhai )","33","Tamil Nadu","602","Thiruvallur","Bold","18000","18000","18000"
"2025-10-28","Chili Red","10190","Anna nagar(Uzhavar Sandhai )","33","Tamil Nadu","623","Madurai","Bold","20000","20000","20000"
"2025-10-27","Chili Red","10202","Rasipuram(Uzhavar Sandhai )","33","Tamil Nadu","609","Namakkal","Bold","12000","15000","15000"
"2025-10-27","Chili Red","10256","Ambattur(Uzhavar Sandhai )","33","Tamil Nadu","602","Thiruvallur","Bold","18000","18000","18000"
"2025-10-27","Chili Red","10190","Anna nagar(Uzhavar Sandhai )","33","Tamil Nadu","623","Madurai","Bold","20000","20000","20000"
"2025-10-26","Chili Red","10202","Rasipuram(Uzhavar Sandhai )","33","Tamil Nadu","609","Namakkal","Bold","14000","15000","15000"
"2025-10-26","Chili Red","10323","Tiruppur (North) (Uzhavar Sandhai )","33","Tamil Nadu","632","Coimbatore","Bold","15000","17000","17000"
"2025-10-26","Chili Red","10256","Ambattur(Uzhavar Sandhai )","33","Tamil Nadu","602","Thiruvallur","Bold","18000","18000","18000"
"2025-10-26","Chili Red","10190","Anna nagar(Uzhavar Sandhai )","33","Tamil Nadu","623","Madurai","Bold","20000","20000","20000"
"2025-10-24","Chili Red","10202","Rasipuram(Uzhavar Sandhai )","33","Tamil Nadu","609","Namakkal","Bold","14000","15000","15000"
"2025-10-24","Chili Red","10256","Ambattur(Uzhavar Sandhai )","33","Tamil Nadu","602","Thiruvallur","Bold","18000","18000","18000"
"2025-10-24","Chili Red","10190","Anna nagar(Uzhavar Sandhai )","33","Tamil Nadu","623","Madurai","Bold","20000","20000","20000"
"2025-10-23","Chili Red","10210","Perambalur(Uzhavar Sandhai )","33","Tamil Nadu","615","Perambalur","Bold","15000","15000","15000"
"2025-10-23","Chili Red","10256","Ambattur(Uzhavar Sandhai )","33","Tamil Nadu","602","Thiruvallur","Bold","18000","18000","18000"
"2025-10-23","Chili Red","10202","Rasipuram(Uzhavar Sandhai )","33","Tamil Nadu","609","Namakkal","Bold","14000","15000","15000"
"2025-10-23","Chili Red","10190","Anna nagar(Uzhavar Sandhai )","33","Tamil Nadu","623","Madurai","Bold","20000","20000","20000"
"2025-10-22","Chili Red","10202","Rasipuram(Uzhavar Sandhai )","33","Tamil Nadu","609","Namakkal","Bold","14000","15000","15000"
"2025-10-22","Chili Red","10256","Ambattur(Uzhavar Sandhai )","33","Tamil Nadu","602","Thiruvallur","Bold","20000","20000","20000"
"2025-10-22","Chili Red","10190","Anna nagar(Uzhavar Sandhai )","33","Tamil Nadu","623","Madurai","Bold","20000","20000","20000"
"2025-10-21","Chili Red","10256","Ambattur(Uzhavar Sandhai )","33","Tamil Nadu","602","Thiruvallur","Bold","20000","20000","20000"
"2025-10-21","Chili Red","10202","Rasipuram(Uzhavar Sandhai )","33","Tamil Nadu","609","Namakkal","Bold","13000","15000","15000"
"2025-10-20","Chili Red","10256","Ambattur(Uzhavar Sandhai )","33","Tamil Nadu","602","Thiruvallur","Bold","18000","18000","18000"
"2025-10-20","Chili Red","10202","Rasipuram(Uzhavar Sandhai )","33","Tamil Nadu","609","Namakkal","Bold","13000","15000","15000"
"2025-10-19","Chili Red","10256","Ambattur(Uzhavar Sandhai )","33","Tamil Nadu","602","Thiruvallur","Bold","18000","18000","18000"
"2025-10-19","Chili Red","10202","Rasipuram(Uzhavar Sandhai )","33","Tamil Nadu","609","Namakkal","Bold","14000","15000","15000"
"2025-10-19","Chili Red","10190","Anna nagar(Uzhavar Sandhai )","33","Tamil Nadu","623","Madurai","Bold","22000","22000","22000"
"2025-10-18","Chili Red","10190","Anna nagar(Uzhavar Sandhai )","33","Tamil Nadu","623","Madurai","Bold","20000","20000","20000"
"2025-10-18","Chili Red","10256","Ambattur(Uzhavar Sandhai )","33","Tamil Nadu","602","Thiruvallur","Bold","18000","18000","18000"
"2025-10-18","Chili Red","10202","Rasipuram(Uzhavar Sandhai )","33","Tamil Nadu","609","Namakkal","Bold","14000","15000","15000"
"2025-10-17","Chili Red","10210","Perambalur(Uzhavar Sandhai )","33","Tamil Nadu","615","Perambalur","Bold","15000","17000","17000"
"2025-10-17","Chili Red","10256","Ambattur(Uzhavar Sandhai )","33","Tamil Nadu","602","Thiruvallur","Bold","18000","18000","18000"
"2025-10-17","Chili Red","10202","Rasipuram(Uzhavar Sandhai )","33","Tamil Nadu","609","Namakkal","Bold","13000","15000","15000"
"2025-10-17","Chili Red","10190","Anna nagar(Uzhavar Sandhai )","33","Tamil Nadu","623","Madurai","Bold","20000","20000","20000"
"2025-10-16","Chili Red","10202","Rasipuram(Uzhavar Sandhai )","33","Tamil Nadu","609","Namakkal","Bold","13000","15000","15000"
"2025-10-16","Chili Red","10256","Ambattur(Uzhavar Sandhai )","33","Tamil Nadu","602","Thiruvallur","Bold","20000","20000","20000"
"2025-10-16","Chili Red","10190","Anna nagar(Uzhavar Sandhai )","33","Tamil Nadu","623","Madurai","Bold","20000","20000","20000"
"2025-10-15","Chili Red","10210","Perambalur(Uzhavar Sandhai )","33","Tamil Nadu","615","Perambalur","Bold","15000","17000","17000"
"2025-10-15","Chili Red","10256","Ambattur(Uzhavar Sandhai )","33","Tamil Nadu","602","Thiruvallur","Bold","20000","20000","20000"
"2025-10-15","Chili Red","10202","Rasipuram(Uzhavar Sandhai )","33","Tamil Nadu","609","Namakkal","Bold","13000","15000","15000"
"2025-10-15","Chili Red","10190","Anna nagar(Uzhavar Sandhai )","33","Tamil Nadu","623","Madurai","Bold","20000","20000","20000"
"2025-10-14","Chili Red","10202","Rasipuram(Uzhavar Sandhai )","33","Tamil Nadu","609","Namakkal","Bold","13000","15000","15000"
"2025-10-14","Chili Red","10256","Ambattur(Uzhavar Sandhai )","33","Tamil Nadu","602","Thiruvallur","Bold","20000","20000","20000"
"2025-10-14","Chili Red","10190","Anna nagar(Uzhavar Sandhai )","33","Tamil Nadu","623","Madurai","Bold","20000","20000","20000"
"2025-10-13","Chili Red","10202","Rasipuram(Uzhavar Sandhai )","33","Tamil Nadu","609","Namakkal","Bold","13000","15000","15000"
"2025-10-13","Chili Red","10256","Ambattur(Uzhavar Sandhai )","33","Tamil Nadu","602","Thiruvallur","Bold","20000","20000","20000"
"2025-10-13","Chili Red","10190","Anna nagar(Uzhavar Sandhai )","33","Tamil Nadu","623","Madurai","Bold","20000","20000","20000"
"2025-10-12","Chili Red","10202","Rasipuram(Uzhavar Sandhai )","33","Tamil Nadu","609","Namakkal","Bold","14000","15000","15000"
"2025-10-12","Chili Red","10256","Ambattur(Uzhavar Sandhai )","33","Tamil Nadu","602","Thiruvallur","Bold","20000","20000","20000"
"2025-10-12","Chili Red","10190","Anna nagar(Uzhavar Sandhai )","33","Tamil Nadu","623","Madurai","Bold","20000","20000","20000"
"2025-10-10","Chili Red","10190","Anna nagar(Uzhavar Sandhai )","33","Tamil Nadu","623","Madurai","Bold","20000","20000","20000"
"2025-10-10","Chili Red","10256","Ambattur(Uzhavar Sandhai )","33","Tamil Nadu","602","Thiruvallur","Bold","20000","20000","20000"
"2025-10-10","Chili Red","10202","Rasipuram(Uzhavar Sandhai )","33","Tamil Nadu","609","Namakkal","Bold","13000","15000","15000"
"2025-10-09","Chili Red","10256","Ambattur(Uzhavar Sandhai )","33","Tamil Nadu","602","Thiruvallur","Bold","20000","20000","20000"
"2025-10-09","Chili Red","10202","Rasipuram(Uzhavar Sandhai )","33","Tamil Nadu","609","Namakkal","Bold","13000","15000","15000"
"2025-10-09","Chili Red","10190","Anna nagar(Uzhavar Sandhai )","33","Tamil Nadu","623","Madurai","Bold","20000","20000","20000"
"2025-10-08","Chili Red","10256","Ambattur(Uzhavar Sandhai )","33","Tamil Nadu","602","Thiruvallur","Bold","20000","20000","20000"
"2025-10-08","Chili Red","10202","Rasipuram(Uzhavar Sandhai )","33","Tamil Nadu","609","Namakkal","Bold","13000","15000","15000"
"2025-10-08","Chili Red","10190","Anna nagar(Uzhavar Sandhai )","33","Tamil Nadu","623","Madurai","Bold","20000","20000","20000"
"2025-10-07","Chili Red","10190","Anna nagar(Uzhavar Sandhai )","33","Tamil Nadu","623","Madurai","Bold","20000","20000","20000"
"2025-10-07","Chili Red","10256","Ambattur(Uzhavar Sandhai )","33","Tamil Nadu","602","Thiruvallur","Bold","20000","20000","20000"
"2025-10-07","Chili Red","10202","Rasipuram(Uzhavar Sandhai )","33","Tamil Nadu","609","Namakkal","Bold","12000","15000","15000"
"2025-10-06","Chili Red","10210","Perambalur(Uzhavar Sandhai )","33","Tamil Nadu","615","Perambalur","Bold","15000","16000","16000"
"2025-10-06","Chili Red","10256","Ambattur(Uzhavar Sandhai )","33","Tamil Nadu","602","Thiruvallur","Bold","20000","20000","20000"
"2025-10-06","Chili Red","10202","Rasipuram(Uzhavar Sandhai )","33","Tamil Nadu","609","Namakkal","Bold","12000","15000","15000"
"2025-10-06","Chili Red","10190","Anna nagar(Uzhavar Sandhai )","33","Tamil Nadu","623","Madurai","Bold","22000","22000","22000"
"2025-10-05","Chili Red","10210","Perambalur(Uzhavar Sandhai )","33","Tamil Nadu","615","Perambalur","Bold","15000","16000","16000"
"2025-10-05","Chili Red","10323","Tiruppur (North) (Uzhavar Sandhai )","33","Tamil Nadu","632","Coimbatore","Bold","16000","17000","17000"
"2025-10-05","Chili Red","10256","Ambattur(Uzhavar Sandhai )","33","Tamil Nadu","602","Thiruvallur","Bold","20000","20000","20000"
"2025-10-05","Chili Red","10202","Rasipuram(Uzhavar Sandhai )","33","Tamil Nadu","609","Namakkal","Bold","14000","15000","15000"
"2025-10-05","Chili Red","10190","Anna nagar(Uzhavar Sandhai )","33","Tamil Nadu","623","Madurai","Bold","22000","22000","22000"
"2025-10-03","Chili Red","10210","Perambalur(Uzhavar Sandhai )","33","Tamil Nadu","615","Perambalur","Bold","15000","17000","17000"
"2025-10-03","Chili Red","10256","Ambattur(Uzhavar Sandhai )","33","Tamil Nadu","602","Thiruvallur","Bold","20000","20000","20000"
"2025-10-03","Chili Red","10202","Rasipuram(Uzhavar Sandhai )","33","Tamil Nadu","609","Namakkal","Bold","14000","15000","15000"
"2025-10-03","Chili Red","10190","Anna nagar(Uzhavar Sandhai )","33","Tamil Nadu","623","Madurai","Bold","20000","20000","20000"
"2025-10-02","Chili Red","10202","Rasipuram(Uzhavar Sandhai )","33","Tamil Nadu","609","Namakkal","Bold","13000","15000","15000"
"2025-10-02","Chili Red","10256","Ambattur(Uzhavar Sandhai )","33","Tamil Nadu","602","Thiruvallur","Bold","20000","20000","20000"
"2025-10-02","Chili Red","10190","Anna nagar(Uzhavar Sandhai )","33","Tamil Nadu","623","Madurai","Bold","20000","20000","20000"
"2025-09-30","Chili Red","10210","Perambalur(Uzhavar Sandhai )","33","Tamil Nadu","615","Perambalur","Bold","15000","16000","16000"
"2025-09-30","Chili Red","10256","Ambattur(Uzhavar Sandhai )","33","Tamil Nadu","602","Thiruvallur","Bold","20000","20000","20000"
"2025-09-30","Chili Red","10202","Rasipuram(Uzhavar Sandhai )","33","Tamil Nadu","609","Namakkal","Bold","13000","15000","15000"
"2025-09-30","Chili Red","10190","Anna nagar(Uzhavar Sandhai )","33","Tamil Nadu","623","Madurai","Bold","20000","20000","20000"
"2025-09-29","Chili Red","10299","Thalavaipuram(Uzhavar Sandhai )","33","Tamil Nadu","625","Virudhunagar","Bold","7000","8000","8000"
"2025-09-29","Chili Red","10256","Ambattur(Uzhavar Sandhai )","33","Tamil Nadu","602","Thiruvallur","Bold","20000","20000","20000"
"2025-09-29","Chili Red","10202","Rasipuram(Uzhavar Sandhai )","33","Tamil Nadu","609","Namakkal","Bold","13000","15000","15000"
"2025-09-29","Chili Red","10190","Anna nagar(Uzhavar Sandhai )","33","Tamil Nadu","623","Madurai","Bold","20000","20000","20000"
"2025-09-28","Chili Red","10190","Anna nagar(Uzhavar Sandhai )","33","Tamil Nadu","623","Madurai","Bold","20000","20000","20000"
"2025-09-28","Chili Red","10256","Ambattur(Uzhavar Sandhai )","33","Tamil Nadu","602","Thiruvallur","Bold","20000","20000","20000"
"2025-09-28","Chili Red","10202","Rasipuram(Uzhavar Sandhai )","33","Tamil Nadu","609","Namakkal","Bold","14000","15000","15000"
"2025-09-28","Chili Red","10210","Perambalur(Uzhavar Sandhai )","33","Tamil Nadu","615","Perambalur","Bold","15000","17000","17000"
"2025-09-27","Chili Red","10210","Perambalur(Uzhavar Sandhai )","33","Tamil Nadu","615","Perambalur","Bold","15000","17000","17000"
"2025-09-27","Chili Red","10256","Ambattur(Uzhavar Sandhai )","33","Tamil Nadu","602","Thiruvallur","Bold","20000","20000","20000"
"2025-09-27","Chili Red","10202","Rasipuram(Uzhavar Sandhai )","33","Tamil Nadu","609","Namakkal","Bold","13000","15000","15000"
"2025-09-27","Chili Red","10190","Anna nagar(Uzhavar Sandhai )","33","Tamil Nadu","623","Madurai","Bold","20000","20000","20000"
"2025-09-26","Chili Red","10210","Perambalur(Uzhavar Sandhai )","33","Tamil Nadu","615","Perambalur","Bold","15000","16000","16000"
"2025-09-26","Chili Red","10256","Ambattur(Uzhavar Sandhai )","33","Tamil Nadu","602","Thiruvallur","Bold","20000","20000","20000"
"2025-09-26","Chili Red","10202","Rasipuram(Uzhavar Sandhai )","33","Tamil Nadu","609","Namakkal","Bold","14000","15000","15000"
"2025-09-26","Chili Red","10190","Anna nagar(Uzhavar Sandhai )","33","Tamil Nadu","623","Madurai","Bold","20000","20000","20000"
"2025-09-25","Chili Red","10210","Perambalur(Uzhavar Sandhai )","33","Tamil Nadu","615","Perambalur","Bold","15000","16000","16000"
"2025-09-25","Chili Red","10256","Ambattur(Uzhavar Sandhai )","33","Tamil Nadu","602","Thiruvallur","Bold","20000","20000","20000"
"2025-09-25","Chili Red","10202","Rasipuram(Uzhavar Sandhai )","33","Tamil Nadu","609","Namakkal","Bold","13000","15000","15000"
"2025-09-25","Chili Red","10190","Anna nagar(Uzhavar Sandhai )","33","Tamil Nadu","623","Madurai","Bold","20000","20000","20000"
"2025-09-23","Chili Red","10210","Perambalur(Uzhavar Sandhai )","33","Tamil Nadu","615","Perambalur","Bold","15000","16000","16000"
"2025-09-23","Chili Red","10256","Ambattur(Uzhavar Sandhai )","33","Tamil Nadu","602","Thiruvallur","Bold","20000","20000","20000"
"2025-09-23","Chili Red","10202","Rasipuram(Uzhavar Sandhai )","33","Tamil Nadu","609","Namakkal","Bold","12000","15000","15000"
"2025-09-23","Chili Red","10190","Anna nagar(Uzhavar Sandhai )","33","Tamil Nadu","623","Madurai","Bold","22000","22000","22000"
"2025-09-22","Chili Red","10210","Perambalur(Uzhavar Sandhai )","33","Tamil Nadu","615","Perambalur","Bold","15000","16000","16000"
"2025-09-22","Chili Red","10256","Ambattur(Uzhavar Sandhai )","33","Tamil Nadu","602","Thiruvallur","Bold","20000","20000","20000"
"2025-09-22","Chili Red","10202","Rasipuram(Uzhavar Sandhai )","33","Tamil Nadu","609","Namakkal","Bold","13000","15000","15000"
"2025-09-22","Chili Red","10190","Anna nagar(Uzhavar Sandhai )","33","Tamil Nadu","623","Madurai","Bold","22000","22000","22000"
"2025-09-21","Chili Red","10210","Perambalur(Uzhavar Sandhai )","33","Tamil Nadu","615","Perambalur","Bold","15000","16000","16000"
"2025-09-21","Chili Red","10287","Gudiyatham(Uzhavar Sandhai )","33","Tamil Nadu","605","Vellore","Bold","18000","18000","18000"
"2025-09-21","Chili Red","10256","Ambattur(Uzhavar Sandhai )","33","Tamil Nadu","602","Thiruvallur","Bold","20000","20000","20000"
"2025-09-21","Chili Red","10190","Anna nagar(Uzhavar Sandhai )","33","Tamil Nadu","623","Madurai","Bold","20000","20000","20000"
"2025-09-21","Chili Red","10202","Rasipuram(Uzhavar Sandhai )","33","Tamil Nadu","609","Namakkal","Bold","13000","15000","15000"
"2025-09-20","Chili Red","10210","Perambalur(Uzhavar Sandhai )","33","Tamil Nadu","615","Perambalur","Bold","15000","17000","17000"
"2025-09-20","Chili Red","10256","Ambattur(Uzhavar Sandhai )","33","Tamil Nadu","602","Thiruvallur","Bold","20000","20000","20000"
"2025-09-20","Chili Red","10202","Rasipuram(Uzhavar Sandhai )","33","Tamil Nadu","609","Namakkal","Bold","13000","15000","15000"
"2025-09-20","Chili Red","10190","Anna nagar(Uzhavar Sandhai )","33","Tamil Nadu","623","Madurai","Bold","20000","20000","20000"
"2025-09-19","Chili Red","10256","Ambattur(Uzhavar Sandhai )","33","Tamil Nadu","602","Thiruvallur","Bold","20000","20000","20000"
"2025-09-19","Chili Red","10202","Rasipuram(Uzhavar Sandhai )","33","Tamil Nadu","609","Namakkal","Bold","14000","15000","15000"
"2025-09-19","Chili Red","10210","Perambalur(Uzhavar Sandhai )","33","Tamil Nadu","615","Perambalur","Bold","15000","17000","17000"
"2025-09-19","Chili Red","10190","Anna nagar(Uzhavar Sandhai )","33","Tamil Nadu","623","Madurai","Bold","20000","20000","20000"
"2025-09-18","Chili Red","10210","Perambalur(Uzhavar Sandhai )","33","Tamil Nadu","615","Perambalur","Bold","15000","17000","17000"
"2025-09-18","Chili Red","10256","Ambattur(Uzhavar Sandhai )","33","Tamil Nadu","602","Thiruvallur","Bold","20000","20000","20000"
"2025-09-18","Chili Red","10202","Rasipuram(Uzhavar Sandhai )","33","Tamil Nadu","609","Namakkal","Bold","14000","15000","15000"
"2025-09-18","Chili Red","10190","Anna nagar(Uzhavar Sandhai )","33","Tamil Nadu","623","Madurai","Bold","20000","20000","20000"
"2025-09-17","Chili Red","10210","Perambalur(Uzhavar Sandhai )","33","Tamil Nadu","615","Perambalur","Bold","15000","16000","16000"
"2025-09-17","Chili Red","10256","Ambattur(Uzhavar Sandhai )","33","Tamil Nadu","602","Thiruvallur","Bold","20000","20000","20000"
"2025-09-17","Chili Red","10202","Rasipuram(Uzhavar Sandhai )","33","Tamil Nadu","609","Namakkal","Bold","14000","15000","15000"
"2025-09-17","Chili Red","10190","Anna nagar(Uzhavar Sandhai )","33","Tamil Nadu","623","Madurai","Bold","20000","20000","20000"
"2025-09-16","Chili Red","10256","Ambattur(Uzhavar Sandhai )","33","Tamil Nadu","602","Thiruvallur","Bold","20000","20000","20000"
"2025-09-16","Chili Red","10202","Rasipuram(Uzhavar Sandhai )","33","Tamil Nadu","609","Namakkal","Bold","13000","15000","15000"
"2025-09-16","Chili Red","10210","Perambalur(Uzhavar Sandhai )","33","Tamil Nadu","615","Perambalur","Bold","15000","16000","16000"
"2025-09-16","Chili Red","10190","Anna nagar(Uzhavar Sandhai )","33","Tamil Nadu","623","Madurai","Bold","20000","20000","20000"
"2025-09-15","Chili Red","10190","Anna nagar(Uzhavar Sandhai )","33","Tamil Nadu","623","Madurai","Bold","20000","20000","20000"
"2025-09-15","Chili Red","10256","Ambattur(Uzhavar Sandhai )","33","Tamil Nadu","602","Thiruvallur","Bold","20000","20000","20000"
"2025-09-15","Chili Red","10205","Mohanur(Uzhavar Sandhai )","33","Tamil Nadu","609","Namakkal","Bold","10000","11000","11000"
"2025-09-15","Chili Red","10202","Rasipuram(Uzhavar Sandhai )","33","Tamil Nadu","609","Namakkal","Bold","13000","15000","15000"
"2025-09-15","Chili Red","10210","Perambalur(Uzhavar Sandhai )","33","Tamil Nadu","615","Perambalur","Bold","15000","16000","16000"
"2025-09-14","Chili Red","10202","Rasipuram(Uzhavar Sandhai )","33","Tamil Nadu","609","Namakkal","Bold","13000","15000","15000"
"2025-09-14","Chili Red","10287","Gudiyatham(Uzhavar Sandhai )","33","Tamil Nadu","605","Vellore","Bold","15000","15000","15000"
"2025-09-14","Chili Red","10190","Anna nagar(Uzhavar Sandhai )","33","Tamil Nadu","623","Madurai","Bold","20000","20000","20000"
"2025-09-14","Chili Red","10256","Ambattur(Uzhavar Sandhai )","33","Tamil Nadu","602","Thiruvallur","Bold","20000","20000","20000"
"2025-09-14","Chili Red","10210","Perambalur(Uzhavar Sandhai )","33","Tamil Nadu","615","Perambalur","Bold","15000","16000","16000"
"2025-09-13","Chili Red","10190","Anna nagar(Uzhavar Sandhai )","33","Tamil Nadu","623","Madurai","Bold","20000","20000","20000"
"2025-09-13","Chili Red","10287","Gudiyatham(Uzhavar Sandhai )","33","Tamil Nadu","605","Vellore","Bold","15000","15000","15000"
"2025-09-13","Chili Red","10256","Ambattur(Uzhavar Sandhai )","33","Tamil Nadu","602","Thiruvallur","Bold","20000","20000","20000"
"2025-09-13","Chili Red","10202","Rasipuram(Uzhavar Sandhai )","33","Tamil Nadu","609","Namakkal","Bold","13000","15000","15000"
"2025-09-13","Chili Red","10210","Perambalur(Uzhavar Sandhai )","33","Tamil Nadu","615","Perambalur","Bold","15000","16000","16000"
"2025-09-12","Chili Red","10286","Katpadi (Uzhavar Sandhai )","33","Tamil Nadu","605","Vellore","Bold","20000","20000","20000"
"2025-09-12","Chili Red","10256","Ambattur(Uzhavar Sandhai )","33","Tamil Nadu","602","Thiruvallur","Bold","20000","20000","20000"
"2025-09-12","Chili Red","10202","Rasipuram(Uzhavar Sandhai )","33","Tamil Nadu","609","Namakkal","Bold","13000","15000","15000"
"2025-09-12","Chili Red","10210","Perambalur(Uzhavar Sandhai )","33","Tamil Nadu","615","Perambalur","Bold","15000","16000","16000"
"2025-09-12","Chili Red","10190","Anna nagar(Uzhavar Sandhai )","33","Tamil Nadu","623","Madurai","Bold","20000","20000","20000"
"2025-09-11","Chili Red","10256","Ambattur(Uzhavar Sandhai )","33","Tamil Nadu","602","Thiruvallur","Bold","20000","20000","20000"
"2025-09-11","Chili Red","10202","Rasipuram(Uzhavar Sandhai )","33","Tamil Nadu","609","Namakkal","Bold","14000","15000","15000"
"2025-09-11","Chili Red","10210","Perambalur(Uzhavar Sandhai )","33","Tamil Nadu","615","Perambalur","Bold","15000","16000","16000"
"2025-09-11","Chili Red","10190","Anna nagar(Uzhavar Sandhai )","33","Tamil Nadu","623","Madurai","Bold","20000","20000","20000"
"2025-09-10","Chili Red","10256","Ambattur(Uzhavar Sandhai )","33","Tamil Nadu","602","Thiruvallur","Bold","20000","20000","20000"
"2025-09-10","Chili Red","10202","Rasipuram(Uzhavar Sandhai )","33","Tamil Nadu","609","Namakkal","Bold","15000","16000","16000"
"2025-09-10","Chili Red","10210","Perambalur(Uzhavar Sandhai )","33","Tamil Nadu","615","Perambalur","Bold","15000","17000","17000"
"2025-09-10","Chili Red","10190","Anna nagar(Uzhavar Sandhai )","33","Tamil Nadu","623","Madurai","Bold","20000","20000","20000"
"2025-09-09","Chili Red","10256","Ambattur(Uzhavar Sandhai )","33","Tamil Nadu","602","Thiruvallur","Bold","20000","20000","20000"
"2025-09-09","Chili Red","10202","Rasipuram(Uzhavar Sandhai )","33","Tamil Nadu","609","Namakkal","Bold","15000","16000","16000"
"2025-09-09","Chili Red","10210","Perambalur(Uzhavar Sandhai )","33","Tamil Nadu","615","Perambalur","Bold","15000","16000","16000"
"2025-09-09","Chili Red","10190","Anna nagar(Uzhavar Sandhai )","33","Tamil Nadu","623","Madurai","Bold","20000","20000","20000"
"2025-09-08","Chili Red","10256","Ambattur(Uzhavar Sandhai )","33","Tamil Nadu","602","Thiruvallur","Bold","20000","20000","20000"
"2025-09-08","Chili Red","10202","Rasipuram(Uzhavar Sandhai )","33","Tamil Nadu","609","Namakkal","Bold","15000","16000","16000"
"2025-09-08","Chili Red","10210","Perambalur(Uzhavar Sandhai )","33","Tamil Nadu","615","Perambalur","Bold","15000","16000","16000"
"2025-09-08","Chili Red","10190","Anna nagar(Uzhavar Sandhai )","33","Tamil Nadu","623","Madurai","Bold","20000","20000","20000"
"2025-09-07","Chili Red","10256","Ambattur(Uzhavar Sandhai )","33","Tamil Nadu","602","Thiruvallur","Bold","20000","20000","20000"
"2025-09-07","Chili Red","10202","Rasipuram(Uzhavar Sandhai )","33","Tamil Nadu","609","Namakkal","Bold","14000","16000","16000"
"2025-09-07","Chili Red","10210","Perambalur(Uzhavar Sandhai )","33","Tamil Nadu","615","Perambalur","Bold","15000","16000","16000"
"2025-09-07","Chili Red","10190","Anna nagar(Uzhavar Sandhai )","33","Tamil Nadu","623","Madurai","Bold","20000","20000","20000"
"2025-09-06","Chili Red","10256","Ambattur(Uzhavar Sandhai )","33","Tamil Nadu","602","Thiruvallur","Bold","20000","20000","20000"
"2025-09-06","Chili Red","10202","Rasipuram(Uzhavar Sandhai )","33","Tamil Nadu","609","Namakkal","Bold","14000","16000","16000"
"2025-09-06","Chili Red","10210","Perambalur(Uzhavar Sandhai )","33","Tamil Nadu","615","Perambalur","Bold","15000","16000","16000"
"2025-09-06","Chili Red","10190","Anna nagar(Uzhavar Sandhai )","33","Tamil Nadu","623","Madurai","Bold","20000","20000","20000"
"2025-09-05","Chili Red","10210","Perambalur(Uzhavar Sandhai )","33","Tamil Nadu","615","Perambalur","Bold","15000","17000","17000"
"2025-09-05","Chili Red","10256","Ambattur(Uzhavar Sandhai )","33","Tamil Nadu","602","Thiruvallur","Bold","20000","20000","20000"
"2025-09-05","Chili Red","10202","Rasipuram(Uzhavar Sandhai )","33","Tamil Nadu","609","Namakkal","Bold","14000","16000","16000"
"2025-09-05","Chili Red","10190","Anna nagar(Uzhavar Sandhai )","33","Tamil Nadu","623","Madurai","Bold","20000","20000","20000"
"2025-09-04","Chili Red","10256","Ambattur(Uzhavar Sandhai )","33","Tamil Nadu","602","Thiruvallur","Bold","20000","20000","20000"
"2025-09-04","Chili Red","10202","Rasipuram(Uzhavar Sandhai )","33","Tamil Nadu","609","Namakkal","Bold","15000","16000","16000"
"2025-09-04","Chili Red","10210","Perambalur(Uzhavar Sandhai )","33","Tamil Nadu","615","Perambalur","Bold","15000","16000","16000"
"2025-09-04","Chili Red","10190","Anna nagar(Uzhavar Sandhai )","33","Tamil Nadu","623","Madurai","Bold","20000","20000","20000"
"2025-09-03","Chili Red","10256","Ambattur(Uzhavar Sandhai )","33","Tamil Nadu","602","Thiruvallur","Bold","20000","20000","20000"
"2025-09-03","Chili Red","10202","Rasipuram(Uzhavar Sandhai )","33","Tamil Nadu","609","Namakkal","Bold","14000","16000","16000"
"2025-09-03","Chili Red","10210","Perambalur(Uzhavar Sandhai )","33","Tamil Nadu","615","Perambalur","Bold","15000","16000","16000"
"2025-09-03","Chili Red","10190","Anna nagar(Uzhavar Sandhai )","33","Tamil Nadu","623","Madurai","Bold","20000","20000","20000"
"2025-09-02","Chili Red","10256","Ambattur(Uzhavar Sandhai )","33","Tamil Nadu","602","Thiruvallur","Bold","20000","20000","20000"
"2025-09-02","Chili Red","10202","Rasipuram(Uzhavar Sandhai )","33","Tamil Nadu","609","Namakkal","Bold","14000","16000","16000"
"2025-09-02","Chili Red","10210","Perambalur(Uzhavar Sandhai )","33","Tamil Nadu","615","Perambalur","Bold","15000","16000","16000"
"2025-09-02","Chili Red","10190","Anna nagar(Uzhavar Sandhai )","33","Tamil Nadu","623","Madurai","Bold","20000","20000","20000"
"2025-09-01","Chili Red","10256","Ambattur(Uzhavar Sandhai )","33","Tamil Nadu","602","Thiruvallur","Bold","20000","20000","20000"
"2025-09-01","Chili Red","10202","Rasipuram(Uzhavar Sandhai )","33","Tamil Nadu","609","Namakkal","Bold","14000","16000","16000"
"2025-09-01","Chili Red","10210","Perambalur(Uzhavar Sandhai )","33","Tamil Nadu","615","Perambalur","Bold","15000","17000","17000"
"2025-09-01","Chili Red","10190","Anna nagar(Uzhavar Sandhai )","33","Tamil Nadu","623","Madurai","Bold","20000","20000","20000"
"2025-08-31","Chili Red","10256","Ambattur(Uzhavar Sandhai )","33","Tamil Nadu","602","Thiruvallur","Bold","20000","20000","20000"
"2025-08-31","Chili Red","10202","Rasipuram(Uzhavar Sandhai )","33","Tamil Nadu","609","Namakkal","Bold","14000","16000","16000"
"2025-08-31","Chili Red","10210","Perambalur(Uzhavar Sandhai )","33","Tamil Nadu","615","Perambalur","Bold","15000","17000","17000"
"2025-08-31","Chili Red","10190","Anna nagar(Uzhavar Sandhai )","33","Tamil Nadu","623","Madurai","Bold","20000","20000","20000"
"2025-08-30","Chili Red","10256","Ambattur(Uzhavar Sandhai )","33","Tamil Nadu","602","Thiruvallur","Bold","20000","20000","20000"
"2025-08-30","Chili Red","10202","Rasipuram(Uzhavar Sandhai )","33","Tamil Nadu","609","Namakkal","Bold","14000","16000","16000"
"2025-08-30","Chili Red","10210","Perambalur(Uzhavar Sandhai )","33","Tamil Nadu","615","Perambalur","Bold","15000","17000","17000"
"2025-08-30","Chili Red","10190","Anna nagar(Uzhavar Sandhai )","33","Tamil Nadu","623","Madurai","Bold","20000","20000","20000"
"2025-08-28","Chili Red","10256","Ambattur(Uzhavar Sandhai )","33","Tamil Nadu","602","Thiruvallur","Bold","20000","20000","20000"
"2025-08-28","Chili Red","10202","Rasipuram(Uzhavar Sandhai )","33","Tamil Nadu","609","Namakkal","Bold","14000","16000","16000"
"2025-08-28","Chili Red","10200","Namakkal(Uzhavar Sandhai )","33","Tamil Nadu","609","Namakkal","Bold","14000","16000","16000"
"2025-08-28","Chili Red","10210","Perambalur(Uzhavar Sandhai )","33","Tamil Nadu","615","Perambalur","Bold","15000","16000","16000"
"2025-08-28","Chili Red","10190","Anna nagar(Uzhavar Sandhai )","33","Tamil Nadu","623","Madurai","Bold","20000","20000","20000"
"2025-08-27","Chili Red","10287","Gudiyatham(Uzhavar Sandhai )","33","Tamil Nadu","605","Vellore","Bold","18000","18000","18000"
"2025-08-27","Chili Red","10256","Ambattur(Uzhavar Sandhai )","33","Tamil Nadu","602","Thiruvallur","Bold","20000","20000","20000"
"2025-08-27","Chili Red","10202","Rasipuram(Uzhavar Sandhai )","33","Tamil Nadu","609","Namakkal","Bold","14000","16000","16000"
"2025-08-27","Chili Red","10210","Perambalur(Uzhavar Sandhai )","33","Tamil Nadu","615","Perambalur","Bold","15000","17000","17000"
"2025-08-27","Chili Red","10190","Anna nagar(Uzhavar Sandhai )","33","Tamil Nadu","623","Madurai","Bold","20000","20000","20000"
"2025-08-26","Chili Red","10287","Gudiyatham(Uzhavar Sandhai )","33","Tamil Nadu","605","Vellore","Bold","18000","18000","18000"
"2025-08-26","Chili Red","10256","Ambattur(Uzhavar Sandhai )","33","Tamil Nadu","602","Thiruvallur","Bold","20000","20000","20000"
"2025-08-26","Chili Red","10202","Rasipuram(Uzhavar Sandhai )","33","Tamil Nadu","609","Namakkal","Bold","14000","16000","16000"
"2025-08-26","Chili Red","10210","Perambalur(Uzhavar Sandhai )","33","Tamil Nadu","615","Perambalur","Bold","15000","16000","16000"
"2025-08-26","Chili Red","10190","Anna nagar(Uzhavar Sandhai )","33","Tamil Nadu","623","Madurai","Bold","20000","20000","20000"
"2025-08-25","Chili Red","10287","Gudiyatham(Uzhavar Sandhai )","33","Tamil Nadu","605","Vellore","Bold","18000","18000","18000"
"2025-08-25","Chili Red","10256","Ambattur(Uzhavar Sandhai )","33","Tamil Nadu","602","Thiruvallur","Bold","20000","20000","20000"
"2025-08-25","Chili Red","10202","Rasipuram(Uzhavar Sandhai )","33","Tamil Nadu","609","Namakkal","Bold","14000","16000","16000"
"2025-08-25","Chili Red","10210","Perambalur(Uzhavar Sandhai )","33","Tamil Nadu","615","Perambalur","Bold","15000","17000","17000"
"2025-08-25","Chili Red","10190","Anna nagar(Uzhavar Sandhai )","33","Tamil Nadu","623","Madurai","Bold","20000","20000","20000"
"2025-08-24","Chili Red","10287","Gudiyatham(Uzhavar Sandhai )","33","Tamil Nadu","605","Vellore","Bold","18000","18000","18000"
"2025-08-24","Chili Red","10256","Ambattur(Uzhavar Sandhai )","33","Tamil Nadu","602","Thiruvallur","Bold","20000","20000","20000"
"2025-08-24","Chili Red","10202","Rasipuram(Uzhavar Sandhai )","33","Tamil Nadu","609","Namakkal","Bold","14000","16000","16000"
"2025-08-24","Chili Red","10210","Perambalur(Uzhavar Sandhai )","33","Tamil Nadu","615","Perambalur","Bold","15000","17000","17000"
"2025-08-24","Chili Red","10190","Anna nagar(Uzhavar Sandhai )","33","Tamil Nadu","623","Madurai","Bold","20000","20000","20000"
"2025-08-23","Chili Red","10256","Ambattur(Uzhavar Sandhai )","33","Tamil Nadu","602","Thiruvallur","Bold","20000","20000","20000"
"2025-08-23","Chili Red","10202","Rasipuram(Uzhavar Sandhai )","33","Tamil Nadu","609","Namakkal","Bold","15000","16000","16000"
"2025-08-23","Chili Red","10200","Namakkal(Uzhavar Sandhai )","33","Tamil Nadu","609","Namakkal","Bold","14000","16000","16000"
"2025-08-23","Chili Red","10210","Perambalur(Uzhavar Sandhai )","33","Tamil Nadu","615","Perambalur","Bold","15000","16000","16000"
"2025-08-23","Chili Red","10190","Anna nagar(Uzhavar Sandhai )","33","Tamil Nadu","623","Madurai","Bold","20000","20000","20000"
"2025-08-22","Chili Red","10323","Tiruppur (North) (Uzhavar Sandhai )","33","Tamil Nadu","632","Coimbatore","Bold","15000","16000","16000"
"2025-08-22","Chili Red","10256","Ambattur(Uzhavar Sandhai )","33","Tamil Nadu","602","Thiruvallur","Bold","20000","20000","20000"
"2025-08-22","Chili Red","10202","Rasipuram(Uzhavar Sandhai )","33","Tamil Nadu","609","Namakkal","Bold","14000","16000","16000"
"2025-08-22","Chili Red","10200","Namakkal(Uzhavar Sandhai )","33","Tamil Nadu","609","Namakkal","Bold","14000","16000","16000"
"2025-08-22","Chili Red","10210","Perambalur(Uzhavar Sandhai )","33","Tamil Nadu","615","Perambalur","Bold","15000","16000","16000"
"2025-08-22","Chili Red","10190","Anna nagar(Uzhavar Sandhai )","33","Tamil Nadu","623","Madurai","Bold","20000","20000","20000"
"2025-08-21","Chili Red","10202","Rasipuram(Uzhavar Sandhai )","33","Tamil Nadu","609","Namakkal","Bold","14000","16000","16000"
"2025-08-21","Chili Red","10190","Anna nagar(Uzhavar Sandhai )","33","Tamil Nadu","623","Madurai","Bold","20000","20000","20000"
"2025-08-21","Chili Red","10210","Perambalur(Uzhavar Sandhai )","33","Tamil Nadu","615","Perambalur","Bold","15000","16000","16000"
"2025-08-21","Chili Red","10200","Namakkal(Uzhavar Sandhai )","33","Tamil Nadu","609","Namakkal","Bold","14000","16000","16000"
"2025-08-21","Chili Red","10256","Ambattur(Uzhavar Sandhai )","33","Tamil Nadu","602","Thiruvallur","Bold","20000","20000","20000"
"2025-08-21","Chili Red","10323","Tiruppur (North) (Uzhavar Sandhai )","33","Tamil Nadu","632","Coimbatore","Bold","15000","16000","16000"
"2025-08-20","Chili Red","10200","Namakkal(Uzhavar Sandhai )","33","Tamil Nadu","609","Namakkal","Bold","14000","16000","16000"
"2025-08-20","Chili Red","10202","Rasipuram(Uzhavar Sandhai )","33","Tamil Nadu","609","Namakkal","Bold","14000","16000","16000"
"2025-08-20","Chili Red","10256","Ambattur(Uzhavar Sandhai )","33","Tamil Nadu","602","Thiruvallur","Bold","20000","20000","20000"
"2025-08-20","Chili Red","10287","Gudiyatham(Uzhavar Sandhai )","33","Tamil Nadu","605","Vellore","Bold","16000","16000","16000"
"2025-08-20","Chili Red","10210","Perambalur(Uzhavar Sandhai )","33","Tamil Nadu","615","Perambalur","Bold","15000","16000","16000"
"2025-08-20","Chili Red","10190","Anna nagar(Uzhavar Sandhai )","33","Tamil Nadu","623","Madurai","Bold","20000","20000","20000"
"2025-08-19","Chili Red","10190","Anna nagar(Uzhavar Sandhai )","33","Tamil Nadu","623","Madurai","Bold","20000","20000","20000"
"2025-08-19","Chili Red","10210","Perambalur(Uzhavar Sandhai )","33","Tamil Nadu","615","Perambalur","Bold","15000","16000","16000"
"2025-08-19","Chili Red","10323","Tiruppur (North) (Uzhavar Sandhai )","33","Tamil Nadu","632","Coimbatore","Bold","14000","15000","15000"
"2025-08-19","Chili Red","10287","Gudiyatham(Uzhavar Sandhai )","33","Tamil Nadu","605","Vellore","Bold","15000","15000","15000"
"2025-08-19","Chili Red","10256","Ambattur(Uzhavar Sandhai )","33","Tamil Nadu","602","Thiruvallur","Bold","20000","20000","20000"
"2025-08-19","Chili Red","10202","Rasipuram(Uzhavar Sandhai )","33","Tamil Nadu","609","Namakkal","Bold","15000","16000","16000"
"2025-08-19","Chili Red","10200","Namakkal(Uzhavar Sandhai )","33","Tamil Nadu","609","Namakkal","Bold","14800","16000","16000"
"2025-08-18","Chili Red","10210","Perambalur(Uzhavar Sandhai )","33","Tamil Nadu","615","Perambalur","Bold","15000","16000","16000"
"2025-08-18","Chili Red","10323","Tiruppur (North) (Uzhavar Sandhai )","33","Tamil Nadu","632","Coimbatore","Bold","15000","16000","16000"
"2025-08-18","Chili Red","10256","Ambattur(Uzhavar Sandhai )","33","Tamil Nadu","602","Thiruvallur","Bold","20000","20000","20000"
"2025-08-18","Chili Red","10202","Rasipuram(Uzhavar Sandhai )","33","Tamil Nadu","609","Namakkal","Bold","14000","16000","16000"
"2025-08-18","Chili Red","10200","Namakkal(Uzhavar Sandhai )","33","Tamil Nadu","609","Namakkal","Bold","14800","16000","16000"
"2025-08-18","Chili Red","10190","Anna nagar(Uzhavar Sandhai )","33","Tamil Nadu","623","Madurai","Bold","20000","20000","20000"
"2025-08-17","Chili Red","10190","Anna nagar(Uzhavar Sandhai )","33","Tamil Nadu","623","Madurai","Bold","20000","20000","20000"
"2025-08-17","Chili Red","10323","Tiruppur (North) (Uzhavar Sandhai )","33","Tamil Nadu","632","Coimbatore","Bold","15000","16000","16000"
"2025-08-17","Chili Red","10256","Ambattur(Uzhavar Sandhai )","33","Tamil Nadu","602","Thiruvallur","Bold","20000","20000","20000"
"2025-08-17","Chili Red","10202","Rasipuram(Uzhavar Sandhai )","33","Tamil Nadu","609","Namakkal","Bold","15000","16000","16000"
"2025-08-17","Chili Red","10200","Namakkal(Uzhavar Sandhai )","33","Tamil Nadu","609","Namakkal","Bold","15000","16000","16000"
"2025-08-17","Chili Red","10210","Perambalur(Uzhavar Sandhai )","33","Tamil Nadu","615","Perambalur","Bold","15000","16000","16000"
"2025-08-16","Chili Red","10256","Ambattur(Uzhavar Sandhai )","33","Tamil Nadu","602","Thiruvallur","Bold","20000","20000","20000"
"2025-08-16","Chili Red","10202","Rasipuram(Uzhavar Sandhai )","33","Tamil Nadu","609","Namakkal","Bold","15000","16000","16000"
"2025-08-16","Chili Red","10200","Namakkal(Uzhavar Sandhai )","33","Tamil Nadu","609","Namakkal","Bold","14000","16000","16000"
"2025-08-16","Chili Red","10210","Perambalur(Uzhavar Sandhai )","33","Tamil Nadu","615","Perambalur","Bold","15000","16000","16000"
"2025-08-16","Chili Red","10190","Anna nagar(Uzhavar Sandhai )","33","Tamil Nadu","623","Madurai","Bold","20000","20000","20000"
"2025-08-15","Chili Red","10190","Anna nagar(Uzhavar Sandhai )","33","Tamil Nadu","623","Madurai","Bold","20000","20000","20000"
"2025-08-15","Chili Red","10210","Perambalur(Uzhavar Sandhai )","33","Tamil Nadu","615","Perambalur","Bold","15000","16000","16000"
"2025-08-15","Chili Red","10323","Tiruppur (North) (Uzhavar Sandhai )","33","Tamil Nadu","632","Coimbatore","Bold","15000","16000","16000"
"2025-08-15","Chili Red","10256","Ambattur(Uzhavar Sandhai )","33","Tamil Nadu","602","Thiruvallur","Bold","20000","20000","20000"
"2025-08-15","Chili Red","10202","Rasipuram(Uzhavar Sandhai )","33","Tamil Nadu","609","Namakkal","Bold","14000","16000","16000"
"2025-08-15","Chili Red","10200","Namakkal(Uzhavar Sandhai )","33","Tamil Nadu","609","Namakkal","Bold","16000","18000","18000"
"2025-08-13","Chili Red","10210","Perambalur(Uzhavar Sandhai )","33","Tamil Nadu","615","Perambalur","Bold","15000","17000","17000"
"2025-08-13","Chili Red","10256","Ambattur(Uzhavar Sandhai )","33","Tamil Nadu","602","Thiruvallur","Bold","20000","20000","20000"
"2025-08-13","Chili Red","10202","Rasipuram(Uzhavar Sandhai )","33","Tamil Nadu","609","Namakkal","Bold","14000","16000","16000"
"2025-08-13","Chili Red","10200","Namakkal(Uzhavar Sandhai )","33","Tamil Nadu","609","Namakkal","Bold","15000","16000","16000"
"2025-08-13","Chili Red","10190","Anna nagar(Uzhavar Sandhai )","33","Tamil Nadu","623","Madurai","Bold","20000","20000","20000"
"2025-08-12","Chili Red","10202","Rasipuram(Uzhavar Sandhai )","33","Tamil Nadu","609","Namakkal","Bold","14000","16000","16000"
"2025-08-12","Chili Red","10256","Ambattur(Uzhavar Sandhai )","33","Tamil Nadu","602","Thiruvallur","Bold","20000","20000","20000"
"2025-08-12","Chili Red","10200","Namakkal(Uzhavar Sandhai )","33","Tamil Nadu","609","Namakkal","Bold","14000","16000","16000"
"2025-08-12","Chili Red","10190","Anna nagar(Uzhavar Sandhai )","33","Tamil Nadu","623","Madurai","Bold","20000","20000","20000"
"2025-08-11","Chili Red","10190","Anna nagar(Uzhavar Sandhai )","33","Tamil Nadu","623","Madurai","Bold","20000","20000","20000"
"2025-08-11","Chili Red","10256","Ambattur(Uzhavar Sandhai )","33","Tamil Nadu","602","Thiruvallur","Bold","20000","20000","20000"
"2025-08-11","Chili Red","10202","Rasipuram(Uzhavar Sandhai )","33","Tamil Nadu","609","Namakkal","Bold","14000","16000","16000"
"2025-08-11","Chili Red","10200","Namakkal(Uzhavar Sandhai )","33","Tamil Nadu","609","Namakkal","Bold","14800","16000","16000"
"2025-08-11","Chili Red","10210","Perambalur(Uzhavar Sandhai )","33","Tamil Nadu","615","Perambalur","Bold","15000","16000","16000"
"2025-08-11","Chili Red","10287","Gudiyatham(Uzhavar Sandhai )","33","Tamil Nadu","605","Vellore","Bold","18000","18000","18000"
"2025-08-10","Chili Red","10210","Perambalur(Uzhavar Sandhai )","33","Tamil Nadu","615","Perambalur","Bold","15000","16000","16000"
"2025-08-10","Chili Red","10287","Gudiyatham(Uzhavar Sandhai )","33","Tamil Nadu","605","Vellore","Bold","18000","18000","18000"
"2025-08-10","Chili Red","10256","Ambattur(Uzhavar Sandhai )","33","Tamil Nadu","602","Thiruvallur","Bold","20000","20000","20000"
"2025-08-10","Chili Red","10202","Rasipuram(Uzhavar Sandhai )","33","Tamil Nadu","609","Namakkal","Bold","15000","16000","16000"
"2025-08-10","Chili Red","10200","Namakkal(Uzhavar Sandhai )","33","Tamil Nadu","609","Namakkal","Bold","15000","16000","16000"
"2025-08-10","Chili Red","10190","Anna nagar(Uzhavar Sandhai )","33","Tamil Nadu","623","Madurai","Bold","20000","20000","20000"
"2025-08-07","Chili Red","10256","Ambattur(Uzhavar Sandhai )","33","Tamil Nadu","602","Thiruvallur","Bold","20000","20000","20000"
"2025-08-07","Chili Red","10323","Tiruppur (North) (Uzhavar Sandhai )","33","Tamil Nadu","632","Coimbatore","Bold","15000","16000","16000"
"2025-08-07","Chili Red","10202","Rasipuram(Uzhavar Sandhai )","33","Tamil Nadu","609","Namakkal","Bold","14000","16000","16000"
"2025-08-07","Chili Red","10200","Namakkal(Uzhavar Sandhai )","33","Tamil Nadu","609","Namakkal","Bold","14000","16000","16000"
"2025-08-07","Chili Red","10210","Perambalur(Uzhavar Sandhai )","33","Tamil Nadu","615","Perambalur","Bold","16000","16000","16000"
"2025-08-07","Chili Red","10190","Anna nagar(Uzhavar Sandhai )","33","Tamil Nadu","623","Madurai","Bold","20000","20000","20000"
"2025-08-06","Chili Red","10190","Anna nagar(Uzhavar Sandhai )","33","Tamil Nadu","623","Madurai","Bold","20000","20000","20000"
"2025-08-06","Chili Red","10256","Ambattur(Uzhavar Sandhai )","33","Tamil Nadu","602","Thiruvallur","Bold","20000","20000","20000"
"2025-08-06","Chili Red","10205","Mohanur(Uzhavar Sandhai )","33","Tamil Nadu","609","Namakkal","Bold","11000","12000","12000"
"2025-08-06","Chili Red","10202","Rasipuram(Uzhavar Sandhai )","33","Tamil Nadu","609","Namakkal","Bold","14000","16000","16000"
"2025-08-06","Chili Red","10200","Namakkal(Uzhavar Sandhai )","33","Tamil Nadu","609","Namakkal","Bold","14000","16000","16000"
"2025-08-06","Chili Red","10210","Perambalur(Uzhavar Sandhai )","33","Tamil Nadu","615","Perambalur","Bold","15000","17000","17000"
"2025-08-05","Chili Red","10200","Namakkal(Uzhavar Sandhai )","33","Tamil Nadu","609","Namakkal","Bold","14000","16000","16000"
"2025-08-05","Chili Red","10210","Perambalur(Uzhavar Sandhai )","33","Tamil Nadu","615","Perambalur","Bold","15000","16000","16000"
"2025-08-05","Chili Red","10256","Ambattur(Uzhavar Sandhai )","33","Tamil Nadu","602","Thiruvallur","Bold","20000","20000","20000"
"2025-08-05","Chili Red","10202","Rasipuram(Uzhavar Sandhai )","33","Tamil Nadu","609","Namakkal","Bold","14000","16000","16000"
"2025-08-05","Chili Red","10190","Anna nagar(Uzhavar Sandhai )","33","Tamil Nadu","623","Madurai","Bold","20000","20000","20000"
"2025-08-04","Chili Red","10190","Anna nagar(Uzhavar Sandhai )","33","Tamil Nadu","623","Madurai","Bold","20000","20000","20000"
"2025-08-04","Chili Red","10287","Gudiyatham(Uzhavar Sandhai )","33","Tamil Nadu","605","Vellore","Bold","18000","18000","18000"
"2025-08-04","Chili Red","10256","Ambattur(Uzhavar Sandhai )","33","Tamil Nadu","602","Thiruvallur","Bold","20000","20000","20000"
"2025-08-04","Chili Red","10202","Rasipuram(Uzhavar Sandhai )","33","Tamil Nadu","609","Namakkal","Bold","14000","16000","16000"
"2025-08-04","Chili Red","10200","Namakkal(Uzhavar Sandhai )","33","Tamil Nadu","609","Namakkal","Bold","14800","16000","16000"
"2025-08-04","Chili Red","10210","Perambalur(Uzhavar Sandhai )","33","Tamil Nadu","615","Perambalur","Bold","15000","16000","16000"
"2025-08-04","Chili Red","10155","Chidambaram(Uzhavar Sandhai )","33","Tamil Nadu","617","Cuddalore","Bold","2500","2500","2500"
"2025-08-03","Chili Red","10287","Gudiyatham(Uzhavar Sandhai )","33","Tamil Nadu","605","Vellore","Bold","18000","18000","18000"
"2025-08-03","Chili Red","10256","Ambattur(Uzhavar Sandhai )","33","Tamil Nadu","602","Thiruvallur","Bold","20000","20000","20000"
"2025-08-03","Chili Red","10202","Rasipuram(Uzhavar Sandhai )","33","Tamil Nadu","609","Namakkal","Bold","15000","16000","16000"
"2025-08-03","Chili Red","10200","Namakkal(Uzhavar Sandhai )","33","Tamil Nadu","609","Namakkal","Bold","14800","16000","16000"
"2025-08-03","Chili Red","10210","Perambalur(Uzhavar Sandhai )","33","Tamil Nadu","615","Perambalur","Bold","15000","17000","17000"
"2025-08-03","Chili Red","10190","Anna nagar(Uzhavar Sandhai )","33","Tamil Nadu","623","Madurai","Bold","20000","20000","20000"
"2025-08-03","Chili Red","1102","Udumalpet","33","Tamil Nadu","632","Coimbatore","Bold","6500","7000","7000"
"2025-08-02","Chili Red","10323","Tiruppur (North) (Uzhavar Sandhai )","33","Tamil Nadu","632","Coimbatore","Bold","15000","16000","16000"
"2025-08-02","Chili Red","10256","Ambattur(Uzhavar Sandhai )","33","Tamil Nadu","602","Thiruvallur","Bold","20000","20000","20000"
"2025-08-02","Chili Red","10202","Rasipuram(Uzhavar Sandhai )","33","Tamil Nadu","609","Namakkal","Bold","15000","16000","16000"
"2025-08-02","Chili Red","10200","Namakkal(Uzhavar Sandhai )","33","Tamil Nadu","609","Namakkal","Bold","14800","16000","16000"
"2025-08-02","Chili Red","10210","Perambalur(Uzhavar Sandhai )","33","Tamil Nadu","615","Perambalur","Bold","15000","17000","17000"
"2025-08-02","Chili Red","10190","Anna nagar(Uzhavar Sandhai )","33","Tamil Nadu","623","Madurai","Bold","20000","20000","20000"
"2025-08-02","Chili Red","1102","Udumalpet","33","Tamil Nadu","632","Coimbatore","Bold","6500","7000","7000"
"2025-08-01","Chili Red","10287","Gudiyatham(Uzhavar Sandhai )","33","Tamil Nadu","605","Vellore","Bold","16000","16000","16000"
"2025-08-01","Chili Red","10256","Ambattur(Uzhavar Sandhai )","33","Tamil Nadu","602","Thiruvallur","Bold","20000","20000","20000"
"2025-08-01","Chili Red","10202","Rasipuram(Uzhavar Sandhai )","33","Tamil Nadu","609","Namakkal","Bold","14000","16000","16000"
"2025-08-01","Chili Red","10200","Namakkal(Uzhavar Sandhai )","33","Tamil Nadu","609","Namakkal","Bold","14800","16000","16000"
"2025-08-01","Chili Red","10210","Perambalur(Uzhavar Sandhai )","33","Tamil Nadu","615","Perambalur","Bold","15000","17000","17000"
"2025-08-01","Chili Red","10190","Anna nagar(Uzhavar Sandhai )","33","Tamil Nadu","623","Madurai","Bold","20000","20000","20000"
"2025-08-01","Chili Red","1102","Udumalpet","33","Tamil Nadu","632","Coimbatore","Bold","6000","7000","7000"
"2025-07-31","Chili Red","10256","Ambattur(Uzhavar Sandhai )","33","Tamil Nadu","602","Thiruvallur","Bold","20000","20000","20000"
"2025-07-31","Chili Red","10205","Mohanur(Uzhavar Sandhai )","33","Tamil Nadu","609","Namakkal","Bold","12000","13000","13000"
"2025-07-31","Chili Red","10202","Rasipuram(Uzhavar Sandhai )","33","Tamil Nadu","609","Namakkal","Bold","14000","16000","16000"
"2025-07-31","Chili Red","10200","Namakkal(Uzhavar Sandhai )","33","Tamil Nadu","609","Namakkal","Bold","15000","18000","18000"
"2025-07-31","Chili Red","10210","Perambalur(Uzhavar Sandhai )","33","Tamil Nadu","615","Perambalur","Bold","15000","17000","17000"
"2025-07-31","Chili Red","10190","Anna nagar(Uzhavar Sandhai )","33","Tamil Nadu","623","Madurai","Bold","20000","20000","20000"
"2025-07-30","Chili Red","10256","Ambattur(Uzhavar Sandhai )","33","Tamil Nadu","602","Thiruvallur","Bold","20000","20000","20000"
"2025-07-30","Chili Red","10205","Mohanur(Uzhavar Sandhai )","33","Tamil Nadu","609","Namakkal","Bold","11400","13000","13000"
"2025-07-30","Chili Red","10202","Rasipuram(Uzhavar Sandhai )","33","Tamil Nadu","609","Namakkal","Bold","14000","16000","16000"
"2025-07-30","Chili Red","10200","Namakkal(Uzhavar Sandhai )","33","Tamil Nadu","609","Namakkal","Bold","15000","18000","18000"
"2025-07-30","Chili Red","10190","Anna nagar(Uzhavar Sandhai )","33","Tamil Nadu","623","Madurai","Bold","20000","20000","20000"
"2025-07-30","Chili Red","10210","Perambalur(Uzhavar Sandhai )","33","Tamil Nadu","615","Perambalur","Bold","15000","17000","17000"
"2025-07-29","Chili Red","10190","Anna nagar(Uzhavar Sandhai )","33","Tamil Nadu","623","Madurai","Bold","20000","20000","20000"
"2025-07-29","Chili Red","10210","Perambalur(Uzhavar Sandhai )","33","Tamil Nadu","615","Perambalur","Bold","15000","16000","16000"
"2025-07-29","Chili Red","3689","Tiruchengode","33","Tamil Nadu","609","Namakkal","Bold","18000","20000","20000"
"2025-07-29","Chili Red","10200","Namakkal(Uzhavar Sandhai )","33","Tamil Nadu","609","Namakkal","Bold","15000","18000","18000"
"2025-07-29","Chili Red","10202","Rasipuram(Uzhavar Sandhai )","33","Tamil Nadu","609","Namakkal","Bold","14000","16000","16000"
"2025-07-29","Chili Red","10256","Ambattur(Uzhavar Sandhai )","33","Tamil Nadu","602","Thiruvallur","Bold","20000","20000","20000"
"2025-07-28","Chili Red","10200","Namakkal(Uzhavar Sandhai )","33","Tamil Nadu","609","Namakkal","Bold","14700","16000","16000"
"2025-07-28","Chili Red","10202","Rasipuram(Uzhavar Sandhai )","33","Tamil Nadu","609","Namakkal","Bold","14000","16000","16000"
"2025-07-28","Chili Red","10256","Ambattur(Uzhavar Sandhai )","33","Tamil Nadu","602","Thiruvallur","Bold","20000","20000","20000"
"2025-07-28","Chili Red","10287","Gudiyatham(Uzhavar Sandhai )","33","Tamil Nadu","605","Vellore","Bold","20000","20000","20000"
"2025-07-28","Chili Red","10210","Perambalur(Uzhavar Sandhai )","33","Tamil Nadu","615","Perambalur","Bold","15000","16000","16000"
"2025-07-28","Chili Red","10190","Anna nagar(Uzhavar Sandhai )","33","Tamil Nadu","623","Madurai","Bold","22000","22000","22000"
"2025-07-27","Chili Red","1102","Udumalpet","33","Tamil Nadu","632","Coimbatore","Bold","7500","8500","8500"
"2025-07-27","Chili Red","10190","Anna nagar(Uzhavar Sandhai )","33","Tamil Nadu","623","Madurai","Bold","20000","20000","20000"
"2025-07-27","Chili Red","10256","Ambattur(Uzhavar Sandhai )","33","Tamil Nadu","602","Thiruvallur","Bold","20000","20000","20000"
"2025-07-27","Chili Red","10205","Mohanur(Uzhavar Sandhai )","33","Tamil Nadu","609","Namakkal","Bold","12000","13000","13000"
"2025-07-27","Chili Red","10202","Rasipuram(Uzhavar Sandhai )","33","Tamil Nadu","609","Namakkal","Bold","14000","16000","16000"
"2025-07-27","Chili Red","10200","Namakkal(Uzhavar Sandhai )","33","Tamil Nadu","609","Namakkal","Bold","16500","18000","18000"
"2025-07-27","Chili Red","10210","Perambalur(Uzhavar Sandhai )","33","Tamil Nadu","615","Perambalur","Bold","15000","17000","17000"
"2025-07-25","Chili Red","10210","Perambalur(Uzhavar Sandhai )","33","Tamil Nadu","615","Perambalur","Bold","15000","17000","17000"
"2025-07-25","Chili Red","10256","Ambattur(Uzhavar Sandhai )","33","Tamil Nadu","602","Thiruvallur","Bold","20000","20000","20000"
"2025-07-25","Chili Red","10205","Mohanur(Uzhavar Sandhai )","33","Tamil Nadu","609","Namakkal","Bold","12000","13000","13000"
"2025-07-25","Chili Red","10202","Rasipuram(Uzhavar Sandhai )","33","Tamil Nadu","609","Namakkal","Bold","14000","16000","16000"
"2025-07-25","Chili Red","10200","Namakkal(Uzhavar Sandhai )","33","Tamil Nadu","609","Namakkal","Bold","5000","6000","6000"
"2025-07-25","Chili Red","10190","Anna nagar(Uzhavar Sandhai )","33","Tamil Nadu","623","Madurai","Bold","20000","20000","20000"
"2025-07-24","Chili Red","10190","Anna nagar(Uzhavar Sandhai )","33","Tamil Nadu","623","Madurai","Bold","20000","20000","20000"
"2025-07-24","Chili Red","10256","Ambattur(Uzhavar Sandhai )","33","Tamil Nadu","602","Thiruvallur","Bold","20000","20000","20000"
"2025-07-24","Chili Red","10205","Mohanur(Uzhavar Sandhai )","33","Tamil Nadu","609","Namakkal","Bold","12000","13000","13000"
"2025-07-24","Chili Red","10202","Rasipuram(Uzhavar Sandhai )","33","Tamil Nadu","609","Namakkal","Bold","15000","16000","16000"
"2025-07-24","Chili Red","10200","Namakkal(Uzhavar Sandhai )","33","Tamil Nadu","609","Namakkal","Bold","12000","16000","16000"
"2025-07-24","Chili Red","10210","Perambalur(Uzhavar Sandhai )","33","Tamil Nadu","615","Perambalur","Bold","15000","17000","17000"
"2025-07-23","Chili Red","10256","Ambattur(Uzhavar Sandhai )","33","Tamil Nadu","602","Thiruvallur","Bold","20000","20000","20000"
"2025-07-23","Chili Red","10205","Mohanur(Uzhavar Sandhai )","33","Tamil Nadu","609","Namakkal","Bold","12000","13000","13000"
"2025-07-23","Chili Red","10202","Rasipuram(Uzhavar Sandhai )","33","Tamil Nadu","609","Namakkal","Bold","14000","16000","16000"
"2025-07-23","Chili Red","10210","Perambalur(Uzhavar Sandhai )","33","Tamil Nadu","615","Perambalur","Bold","15000","17000","17000"
"2025-07-23","Chili Red","10190","Anna nagar(Uzhavar Sandhai )","33","Tamil Nadu","623","Madurai","Bold","20000","20000","20000"
"2025-07-23","Chili Red","10200","Namakkal(Uzhavar Sandhai )","33","Tamil Nadu","609","Namakkal","Bold","16000","18000","18000"
"2025-07-22","Chili Red","10190","Anna nagar(Uzhavar Sandhai )","33","Tamil Nadu","623","Madurai","Bold","20000","20000","20000"
"2025-07-22","Chili Red","10202","Rasipuram(Uzhavar Sandhai )","33","Tamil Nadu","609","Namakkal","Bold","15000","18000","18000"
"2025-07-22","Chili Red","10256","Ambattur(Uzhavar Sandhai )","33","Tamil Nadu","602","Thiruvallur","Bold","20000","20000","20000"
"2025-07-22","Chili Red","10205","Mohanur(Uzhavar Sandhai )","33","Tamil Nadu","609","Namakkal","Bold","12000","13000","13000"
"2025-07-22","Chili Red","10210","Perambalur(Uzhavar Sandhai )","33","Tamil Nadu","615","Perambalur","Bold","15000","16000","16000"
"2025-07-21","Chili Red","10210","Perambalur(Uzhavar Sandhai )","33","Tamil Nadu","615","Perambalur","Bold","15000","17000","17000"
"2025-07-21","Chili Red","10256","Ambattur(Uzhavar Sandhai )","33","Tamil Nadu","602","Thiruvallur","Bold","20000","20000","20000"
"2025-07-21","Chili Red","10202","Rasipuram(Uzhavar Sandhai )","33","Tamil Nadu","609","Namakkal","Bold","15000","18000","18000"
"2025-07-21","Chili Red","10190","Anna nagar(Uzhavar Sandhai )","33","Tamil Nadu","623","Madurai","Bold","20000","20000","20000"
"2025-07-19","Chili Red","10323","Tiruppur (North) (Uzhavar Sandhai )","33","Tamil Nadu","632","Coimbatore","Bold","15000","16000","16000"
"2025-07-19","Chili Red","10256","Ambattur(Uzhavar Sandhai )","33","Tamil Nadu","602","Thiruvallur","Bold","20000","20000","20000"
"2025-07-19","Chili Red","10202","Rasipuram(Uzhavar Sandhai )","33","Tamil Nadu","609","Namakkal","Bold","15000","18000","18000"
"2025-07-19","Chili Red","10200","Namakkal(Uzhavar Sandhai )","33","Tamil Nadu","609","Namakkal","Bold","16500","18000","18000"
"2025-07-19","Chili Red","10210","Perambalur(Uzhavar Sandhai )","33","Tamil Nadu","615","Perambalur","Bold","15000","17000","17000"
"2025-07-19","Chili Red","10190","Anna nagar(Uzhavar Sandhai )","33","Tamil Nadu","623","Madurai","Bold","20000","20000","20000"
"2025-07-18","Chili Red","10256","Ambattur(Uzhavar Sandhai )","33","Tamil Nadu","602","Thiruvallur","Bold","20000","20000","20000"
"2025-07-18","Chili Red","10202","Rasipuram(Uzhavar Sandhai )","33","Tamil Nadu","609","Namakkal","Bold","16000","18000","18000"
"2025-07-18","Chili Red","10200","Namakkal(Uzhavar Sandhai )","33","Tamil Nadu","609","Namakkal","Bold","16000","18000","18000"
"2025-07-18","Chili Red","10210","Perambalur(Uzhavar Sandhai )","33","Tamil Nadu","615","Perambalur","Bold","15000","17000","17000"
"2025-07-18","Chili Red","10190","Anna nagar(Uzhavar Sandhai )","33","Tamil Nadu","623","Madurai","Bold","20000","20000","20000"
"2025-07-17","Chili Red","10190","Anna nagar(Uzhavar Sandhai )","33","Tamil Nadu","623","Madurai","Bold","20000","20000","20000"
"2025-07-17","Chili Red","10210","Perambalur(Uzhavar Sandhai )","33","Tamil Nadu","615","Perambalur","Bold","15000","17000","17000"
"2025-07-17","Chili Red","10200","Namakkal(Uzhavar Sandhai )","33","Tamil Nadu","609","Namakkal","Bold","16000","18000","18000"
"2025-07-17","Chili Red","10202","Rasipuram(Uzhavar Sandhai )","33","Tamil Nadu","609","Namakkal","Bold","15000","18000","18000"
"2025-07-17","Chili Red","10256","Ambattur(Uzhavar Sandhai )","33","Tamil Nadu","602","Thiruvallur","Bold","20000","20000","20000"
"2025-07-16","Chili Red","10200","Namakkal(Uzhavar Sandhai )","33","Tamil Nadu","609","Namakkal","Bold","16000","18000","18000"
"2025-07-16","Chili Red","10210","Perambalur(Uzhavar Sandhai )","33","Tamil Nadu","615","Perambalur","Bold","15000","16000","16000"
"2025-07-16","Chili Red","10190","Anna nagar(Uzhavar Sandhai )","33","Tamil Nadu","623","Madurai","Bold","20000","20000","20000"
"2025-07-16","Chili Red","10202","Rasipuram(Uzhavar Sandhai )","33","Tamil Nadu","609","Namakkal","Bold","15000","18000","18000"
"2025-07-16","Chili Red","10256","Ambattur(Uzhavar Sandhai )","33","Tamil Nadu","602","Thiruvallur","Bold","20000","20000","20000"
"2025-07-15","Chili Red","10202","Rasipuram(Uzhavar Sandhai )","33","Tamil Nadu","609","Namakkal","Bold","15000","18000","18000"
"2025-07-15","Chili Red","10256","Ambattur(Uzhavar Sandhai )","33","Tamil Nadu","602","Thiruvallur","Bold","20000","20000","20000"
"2025-07-15","Chili Red","10200","Namakkal(Uzhavar Sandhai )","33","Tamil Nadu","609","Namakkal","Bold","15000","18000","18000"
"2025-07-15","Chili Red","10210","Perambalur(Uzhavar Sandhai )","33","Tamil Nadu","615","Perambalur","Bold","16000","17000","17000"
"2025-07-15","Chili Red","10190","Anna nagar(Uzhavar Sandhai )","33","Tamil Nadu","623","Madurai","Bold","20000","20000","20000"
"2025-07-13","Chili Red","10202","Rasipuram(Uzhavar Sandhai )","33","Tamil Nadu","609","Namakkal","Bold","16000","18000","18000"
"2025-07-13","Chili Red","10256","Ambattur(Uzhavar Sandhai )","33","Tamil Nadu","602","Thiruvallur","Bold","20000","20000","20000"
"2025-07-13","Chili Red","10200","Namakkal(Uzhavar Sandhai )","33","Tamil Nadu","609","Namakkal","Bold","16500","18000","18000"
"2025-07-13","Chili Red","10210","Perambalur(Uzhavar Sandhai )","33","Tamil Nadu","615","Perambalur","Bold","15000","17000","17000"
"2025-07-13","Chili Red","10190","Anna nagar(Uzhavar Sandhai )","33","Tamil Nadu","623","Madurai","Bold","20000","20000","20000"
"2025-07-12","Chili Red","10200","Namakkal(Uzhavar Sandhai )","33","Tamil Nadu","609","Namakkal","Bold","16000","18000","18000"
"2025-07-12","Chili Red","10202","Rasipuram(Uzhavar Sandhai )","33","Tamil Nadu","609","Namakkal","Bold","16000","18000","18000"
"2025-07-12","Chili Red","10256","Ambattur(Uzhavar Sandhai )","33","Tamil Nadu","602","Thiruvallur","Bold","20000","20000","20000"
"2025-07-12","Chili Red","10210","Perambalur(Uzhavar Sandhai )","33","Tamil Nadu","615","Perambalur","Bold","15000","17000","17000"
"2025-07-12","Chili Red","10190","Anna nagar(Uzhavar Sandhai )","33","Tamil Nadu","623","Madurai","Bold","20000","20000","20000"
"2025-07-11","Chili Red","10256","Ambattur(Uzhavar Sandhai )","33","Tamil Nadu","602","Thiruvallur","Bold","20000","20000","20000"
"2025-07-11","Chili Red","10202","Rasipuram(Uzhavar Sandhai )","33","Tamil Nadu","609","Namakkal","Bold","15000","18000","18000"
"2025-07-11","Chili Red","10200","Namakkal(Uzhavar Sandhai )","33","Tamil Nadu","609","Namakkal","Bold","16000","18000","18000"
"2025-07-11","Chili Red","10210","Perambalur(Uzhavar Sandhai )","33","Tamil Nadu","615","Perambalur","Bold","15000","17000","17000"
"2025-07-10","Chili Red","10210","Perambalur(Uzhavar Sandhai )","33","Tamil Nadu","615","Perambalur","Bold","15000","17000","17000"
"2025-07-10","Chili Red","10190","Anna nagar(Uzhavar Sandhai )","33","Tamil Nadu","623","Madurai","Bold","20000","20000","20000"
"2025-07-10","Chili Red","10200","Namakkal(Uzhavar Sandhai )","33","Tamil Nadu","609","Namakkal","Bold","16000","18000","18000"
"2025-07-10","Chili Red","10202","Rasipuram(Uzhavar Sandhai )","33","Tamil Nadu","609","Namakkal","Bold","15000","18000","18000"
"2025-07-10","Chili Red","10256","Ambattur(Uzhavar Sandhai )","33","Tamil Nadu","602","Thiruvallur","Bold","20000","20000","20000"
"2025-07-09","Chili Red","10210","Perambalur(Uzhavar Sandhai )","33","Tamil Nadu","615","Perambalur","Bold","15000","17000","17000"
"2025-07-09","Chili Red","10190","Anna nagar(Uzhavar Sandhai )","33","Tamil Nadu","623","Madurai","Bold","20000","20000","20000"
"2025-07-09","Chili Red","10202","Rasipuram(Uzhavar Sandhai )","33","Tamil Nadu","609","Namakkal","Bold","15000","18000","18000"
"2025-07-09","Chili Red","10200","Namakkal(Uzhavar Sandhai )","33","Tamil Nadu","609","Namakkal","Bold","16000","18000","18000"
"2025-07-09","Chili Red","10256","Ambattur(Uzhavar Sandhai )","33","Tamil Nadu","602","Thiruvallur","Bold","20000","20000","20000"
"2025-07-08","Chili Red","10190","Anna nagar(Uzhavar Sandhai )","33","Tamil Nadu","623","Madurai","Bold","20000","20000","20000"
"2025-07-08","Chili Red","10210","Perambalur(Uzhavar Sandhai )","33","Tamil Nadu","615","Perambalur","Bold","16000","17000","17000"
"2025-07-08","Chili Red","10200","Namakkal(Uzhavar Sandhai )","33","Tamil Nadu","609","Namakkal","Bold","16000","18000","18000"
"2025-07-08","Chili Red","10202","Rasipuram(Uzhavar Sandhai )","33","Tamil Nadu","609","Namakkal","Bold","15000","18000","18000"
"2025-07-08","Chili Red","10256","Ambattur(Uzhavar Sandhai )","33","Tamil Nadu","602","Thiruvallur","Bold","20000","20000","20000"
"2025-07-07","Chili Red","10256","Ambattur(Uzhavar Sandhai )","33","Tamil Nadu","602","Thiruvallur","Bold","20000","20000","20000"
"2025-07-07","Chili Red","10190","Anna nagar(Uzhavar Sandhai )","33","Tamil Nadu","623","Madurai","Bold","20000","20000","20000"
"2025-07-07","Chili Red","10210","Perambalur(Uzhavar Sandhai )","33","Tamil Nadu","615","Perambalur","Bold","16000","17000","17000"
"2025-07-07","Chili Red","10200","Namakkal(Uzhavar Sandhai )","33","Tamil Nadu","609","Namakkal","Bold","16500","18000","18000"
"2025-07-07","Chili Red","10202","Rasipuram(Uzhavar Sandhai )","33","Tamil Nadu","609","Namakkal","Bold","15000","18000","18000"
"2025-07-05","Chili Red","10190","Anna nagar(Uzhavar Sandhai )","33","Tamil Nadu","623","Madurai","Bold","20000","20000","20000"
"2025-07-05","Chili Red","10210","Perambalur(Uzhavar Sandhai )","33","Tamil Nadu","615","Perambalur","Bold","15000","17000","17000"
"2025-07-05","Chili Red","10200","Namakkal(Uzhavar Sandhai )","33","Tamil Nadu","609","Namakkal","Bold","16000","18000","18000"
"2025-07-05","Chili Red","10202","Rasipuram(Uzhavar Sandhai )","33","Tamil Nadu","609","Namakkal","Bold","16000","18000","18000"
"2025-07-05","Chili Red","10256","Ambattur(Uzhavar Sandhai )","33","Tamil Nadu","602","Thiruvallur","Bold","20000","20000","20000"
"2025-07-04","Chili Red","10323","Tiruppur (North) (Uzhavar Sandhai )","33","Tamil Nadu","632","Coimbatore","Bold","15000","16000","16000"
"2025-07-04","Chili Red","10256","Ambattur(Uzhavar Sandhai )","33","Tamil Nadu","602","Thiruvallur","Bold","20000","20000","20000"
"2025-07-04","Chili Red","10190","Anna nagar(Uzhavar Sandhai )","33","Tamil Nadu","623","Madurai","Bold","20000","20000","20000"
"2025-07-04","Chili Red","10210","Perambalur(Uzhavar Sandhai )","33","Tamil Nadu","615","Perambalur","Bold","15000","17000","17000"
"2025-07-04","Chili Red","10200","Namakkal(Uzhavar Sandhai )","33","Tamil Nadu","609","Namakkal","Bold","16000","18000","18000"
"2025-07-04","Chili Red","10202","Rasipuram(Uzhavar Sandhai )","33","Tamil Nadu","609","Namakkal","Bold","15000","18000","18000"
"2025-07-03","Chili Red","10210","Perambalur(Uzhavar Sandhai )","33","Tamil Nadu","615","Perambalur","Bold","15000","17000","17000"
"2025-07-03","Chili Red","10190","Anna nagar(Uzhavar Sandhai )","33","Tamil Nadu","623","Madurai","Bold","20000","20000","20000"
"2025-07-03","Chili Red","10200","Namakkal(Uzhavar Sandhai )","33","Tamil Nadu","609","Namakkal","Bold","16000","18000","18000"
"2025-07-03","Chili Red","10202","Rasipuram(Uzhavar Sandhai )","33","Tamil Nadu","609","Namakkal","Bold","15000","18000","18000"
"2025-07-03","Chili Red","10256","Ambattur(Uzhavar Sandhai )","33","Tamil Nadu","602","Thiruvallur","Bold","20000","20000","20000"
"2025-07-03","Chili Red","10323","Tiruppur (North) (Uzhavar Sandhai )","33","Tamil Nadu","632","Coimbatore","Bold","15000","16000","16000"
"2025-07-02","Chili Red","10210","Perambalur(Uzhavar Sandhai )","33","Tamil Nadu","615","Perambalur","Bold","16000","17000","17000"
"2025-07-02","Chili Red","10256","Ambattur(Uzhavar Sandhai )","33","Tamil Nadu","602","Thiruvallur","Bold","20000","20000","20000"
"2025-07-02","Chili Red","10202","Rasipuram(Uzhavar Sandhai )","33","Tamil Nadu","609","Namakkal","Bold","15000","18000","18000"
"2025-07-02","Chili Red","10200","Namakkal(Uzhavar Sandhai )","33","Tamil Nadu","609","Namakkal","Bold","16000","18000","18000"
"2025-07-02","Chili Red","10190","Anna nagar(Uzhavar Sandhai )","33","Tamil Nadu","623","Madurai","Bold","20000","20000","20000"
"2025-07-01","Chili Red","10190","Anna nagar(Uzhavar Sandhai )","33","Tamil Nadu","623","Madurai","Bold","20000","20000","20000"
"2025-07-01","Chili Red","10200","Namakkal(Uzhavar Sandhai )","33","Tamil Nadu","609","Namakkal","Bold","16000","18000","18000"
"2025-07-01","Chili Red","10202","Rasipuram(Uzhavar Sandhai )","33","Tamil Nadu","609","Namakkal","Bold","15000","18000","18000"
"2025-07-01","Chili Red","10256","Ambattur(Uzhavar Sandhai )","33","Tamil Nadu","602","Thiruvallur","Bold","20000","20000","20000"
"2025-07-01","Chili Red","10210","Perambalur(Uzhavar Sandhai )","33","Tamil Nadu","615","Perambalur","Bold","16000","17000","17000"
"2025-06-30","Chili Red","10202","Rasipuram(Uzhavar Sandhai )","33","Tamil Nadu","609","Namakkal","Bold","15000","18000","18000"
"2025-06-30","Chili Red","10200","Namakkal(Uzhavar Sandhai )","33","Tamil Nadu","609","Namakkal","Bold","16500","18000","18000"
"2025-06-30","Chili Red","10210","Perambalur(Uzhavar Sandhai )","33","Tamil Nadu","615","Perambalur","Bold","14000","17000","17000"
"2025-06-30","Chili Red","10190","Anna nagar(Uzhavar Sandhai )","33","Tamil Nadu","623","Madurai","Bold","20000","20000","20000"
"2025-06-30","Chili Red","10256","Ambattur(Uzhavar Sandhai )","33","Tamil Nadu","602","Thiruvallur","Bold","20000","20000","20000"
"2025-06-29","Chili Red","10202","Rasipuram(Uzhavar Sandhai )","33","Tamil Nadu","609","Namakkal","Bold","16000","18000","18000"
"2025-06-29","Chili Red","10190","Anna nagar(Uzhavar Sandhai )","33","Tamil Nadu","623","Madurai","Bold","20000","20000","20000"
"2025-06-29","Chili Red","10200","Namakkal(Uzhavar Sandhai )","33","Tamil Nadu","609","Namakkal","Bold","16500","18000","18000"
"2025-06-29","Chili Red","10205","Mohanur(Uzhavar Sandhai )","33","Tamil Nadu","609","Namakkal","Bold","11000","12000","12000"
"2025-06-29","Chili Red","10256","Ambattur(Uzhavar Sandhai )","33","Tamil Nadu","602","Thiruvallur","Bold","20000","20000","20000"
"2025-06-29","Chili Red","10323","Tiruppur (North) (Uzhavar Sandhai )","33","Tamil Nadu","632","Coimbatore","Bold","15000","16000","16000"
"2025-06-28","Chili Red","10190","Anna nagar(Uzhavar Sandhai )","33","Tamil Nadu","623","Madurai","Bold","18000","18000","18000"
"2025-06-28","Chili Red","10323","Tiruppur (North) (Uzhavar Sandhai )","33","Tamil Nadu","632","Coimbatore","Bold","15000","16000","16000"
"2025-06-28","Chili Red","10256","Ambattur(Uzhavar Sandhai )","33","Tamil Nadu","602","Thiruvallur","Bold","20000","20000","20000"
"2025-06-28","Chili Red","10202","Rasipuram(Uzhavar Sandhai )","33","Tamil Nadu","609","Namakkal","Bold","16000","18000","18000"
"2025-06-28","Chili Red","10200","Namakkal(Uzhavar Sandhai )","33","Tamil Nadu","609","Namakkal","Bold","16500","18000","18000"
"2025-06-28","Chili Red","10210","Perambalur(Uzhavar Sandhai )","33","Tamil Nadu","615","Perambalur","Bold","15000","17000","17000"
"2025-06-26","Chili Red","10210","Perambalur(Uzhavar Sandhai )","33","Tamil Nadu","615","Perambalur","Bold","15000","17000","17000"
"2025-06-26","Chili Red","10256","Ambattur(Uzhavar Sandhai )","33","Tamil Nadu","602","Thiruvallur","Bold","20000","20000","20000"
"2025-06-26","Chili Red","10202","Rasipuram(Uzhavar Sandhai )","33","Tamil Nadu","609","Namakkal","Bold","18000","20000","20000"
"2025-06-26","Chili Red","10200","Namakkal(Uzhavar Sandhai )","33","Tamil Nadu","609","Namakkal","Bold","16000","18000","18000"
"2025-06-26","Chili Red","10190","Anna nagar(Uzhavar Sandhai )","33","Tamil Nadu","623","Madurai","Bold","20000","20000","20000"
"2025-06-25","Chili Red","10256","Ambattur(Uzhavar Sandhai )","33","Tamil Nadu","602","Thiruvallur","Bold","20000","20000","20000"
"2025-06-25","Chili Red","10190","Anna nagar(Uzhavar Sandhai )","33","Tamil Nadu","623","Madurai","Bold","20000","20000","20000"
"2025-06-25","Chili Red","10210","Perambalur(Uzhavar Sandhai )","33","Tamil Nadu","615","Perambalur","Bold","15000","17000","17000"
"2025-06-25","Chili Red","10200","Namakkal(Uzhavar Sandhai )","33","Tamil Nadu","609","Namakkal","Bold","16000","18000","18000"
"2025-06-25","Chili Red","10202","Rasipuram(Uzhavar Sandhai )","33","Tamil Nadu","609","Namakkal","Bold","18000","20000","20000"
"2025-06-25","Chili Red","10205","Mohanur(Uzhavar Sandhai )","33","Tamil Nadu","609","Namakkal","Bold","11000","12000","12000"
"2025-06-24","Chili Red","10256","Ambattur(Uzhavar Sandhai )","33","Tamil Nadu","602","Thiruvallur","Bold","20000","20000","20000"
"2025-06-24","Chili Red","10205","Mohanur(Uzhavar Sandhai )","33","Tamil Nadu","609","Namakkal","Bold","11000","12000","12000"
"2025-06-24","Chili Red","10202","Rasipuram(Uzhavar Sandhai )","33","Tamil Nadu","609","Namakkal","Bold","18000","20000","20000"
"2025-06-24","Chili Red","10200","Namakkal(Uzhavar Sandhai )","33","Tamil Nadu","609","Namakkal","Bold","16000","18000","18000"
"2025-06-24","Chili Red","10210","Perambalur(Uzhavar Sandhai )","33","Tamil Nadu","615","Perambalur","Bold","15000","17000","17000"
"2025-06-24","Chili Red","10190","Anna nagar(Uzhavar Sandhai )","33","Tamil Nadu","623","Madurai","Bold","17000","17000","17000"
"2025-06-23","Chili Red","10256","Ambattur(Uzhavar Sandhai )","33","Tamil Nadu","602","Thiruvallur","Bold","20000","20000","20000"
"2025-06-23","Chili Red","10205","Mohanur(Uzhavar Sandhai )","33","Tamil Nadu","609","Namakkal","Bold","11000","12000","12000"
"2025-06-23","Chili Red","10202","Rasipuram(Uzhavar Sandhai )","33","Tamil Nadu","609","Namakkal","Bold","18000","20000","20000"
"2025-06-23","Chili Red","10200","Namakkal(Uzhavar Sandhai )","33","Tamil Nadu","609","Namakkal","Bold","16500","18000","18000"
"2025-06-23","Chili Red","10190","Anna nagar(Uzhavar Sandhai )","33","Tamil Nadu","623","Madurai","Bold","18000","18000","18000"
"2025-06-22","Chili Red","10323","Tiruppur (North) (Uzhavar Sandhai )","33","Tamil Nadu","632","Coimbatore","Bold","15000","16000","16000"
"2025-06-22","Chili Red","10256","Ambattur(Uzhavar Sandhai )","33","Tamil Nadu","602","Thiruvallur","Bold","20000","20000","20000"
"2025-06-22","Chili Red","10202","Rasipuram(Uzhavar Sandhai )","33","Tamil Nadu","609","Namakkal","Bold","18000","20000","20000"
"2025-06-22","Chili Red","10200","Namakkal(Uzhavar Sandhai )","33","Tamil Nadu","609","Namakkal","Bold","16200","18000","18000"
"2025-06-22","Chili Red","10210","Perambalur(Uzhavar Sandhai )","33","Tamil Nadu","615","Perambalur","Bold","15000","17000","17000"
"2025-06-22","Chili Red","10190","Anna nagar(Uzhavar Sandhai )","33","Tamil Nadu","623","Madurai","Bold","20000","20000","20000"
"2025-06-21","Chili Red","10200","Namakkal(Uzhavar Sandhai )","33","Tamil Nadu","609","Namakkal","Bold","16000","18000","18000"
"2025-06-21","Chili Red","10190","Anna nagar(Uzhavar Sandhai )","33","Tamil Nadu","623","Madurai","Bold","22000","22000","22000"
"2025-06-21","Chili Red","10210","Perambalur(Uzhavar Sandhai )","33","Tamil Nadu","615","Perambalur","Bold","15000","17000","17000"
"2025-06-21","Chili Red","10202","Rasipuram(Uzhavar Sandhai )","33","Tamil Nadu","609","Namakkal","Bold","18000","20000","20000"
"2025-06-21","Chili Red","10256","Ambattur(Uzhavar Sandhai )","33","Tamil Nadu","602","Thiruvallur","Bold","20000","20000","20000"
"2025-06-20","Chili Red","10190","Anna nagar(Uzhavar Sandhai )","33","Tamil Nadu","623","Madurai","Bold","18000","18000","18000"
"2025-06-20","Chili Red","10202","Rasipuram(Uzhavar Sandhai )","33","Tamil Nadu","609","Namakkal","Bold","18000","20000","20000"
"2025-06-20","Chili Red","10200","Namakkal(Uzhavar Sandhai )","33","Tamil Nadu","609","Namakkal","Bold","16000","18000","18000"
"2025-06-20","Chili Red","10256","Ambattur(Uzhavar Sandhai )","33","Tamil Nadu","602","Thiruvallur","Bold","20000","20000","20000"
"2025-06-20","Chili Red","10210","Perambalur(Uzhavar Sandhai )","33","Tamil Nadu","615","Perambalur","Bold","15000","17000","17000"
"2025-06-19","Chili Red","10210","Perambalur(Uzhavar Sandhai )","33","Tamil Nadu","615","Perambalur","Bold","15000","17000","17000"
"2025-06-19","Chili Red","10202","Rasipuram(Uzhavar Sandhai )","33","Tamil Nadu","609","Namakkal","Bold","18000","20000","20000"
"2025-06-19","Chili Red","10200","Namakkal(Uzhavar Sandhai )","33","Tamil Nadu","609","Namakkal","Bold","16000","18000","18000"
"2025-06-19","Chili Red","10190","Anna nagar(Uzhavar Sandhai )","33","Tamil Nadu","623","Madurai","Bold","18000","18000","18000"
"2025-06-18","Chili Red","10210","Perambalur(Uzhavar Sandhai )","33","Tamil Nadu","615","Perambalur","Bold","15000","17000","17000"
"2025-06-18","Chili Red","10256","Ambattur(Uzhavar Sandhai )","33","Tamil Nadu","602","Thiruvallur","Bold","20000","20000","20000"
"2025-06-18","Chili Red","10202","Rasipuram(Uzhavar Sandhai )","33","Tamil Nadu","609","Namakkal","Bold","16000","20000","20000"
"2025-06-18","Chili Red","10200","Namakkal(Uzhavar Sandhai )","33","Tamil Nadu","609","Namakkal","Bold","16000","18000","18000"
"2025-06-18","Chili Red","10190","Anna nagar(Uzhavar Sandhai )","33","Tamil Nadu","623","Madurai","Bold","20000","20000","20000"
"2025-06-17","Chili Red","10200","Namakkal(Uzhavar Sandhai )","33","Tamil Nadu","609","Namakkal","Bold","16000","18000","18000"
"2025-06-17","Chili Red","10256","Ambattur(Uzhavar Sandhai )","33","Tamil Nadu","602","Thiruvallur","Bold","20000","20000","20000"
"2025-06-17","Chili Red","10202","Rasipuram(Uzhavar Sandhai )","33","Tamil Nadu","609","Namakkal","Bold","18000","20000","20000"
"2025-06-17","Chili Red","10210","Perambalur(Uzhavar Sandhai )","33","Tamil Nadu","615","Perambalur","Bold","15000","17000","17000"
"2025-06-17","Chili Red","10190","Anna nagar(Uzhavar Sandhai )","33","Tamil Nadu","623","Madurai","Bold","18000","18000","18000"
"2025-06-16","Chili Red","10323","Tiruppur (North) (Uzhavar Sandhai )","33","Tamil Nadu","632","Coimbatore","Bold","16000","17000","17000"
"2025-06-16","Chili Red","10256","Ambattur(Uzhavar Sandhai )","33","Tamil Nadu","602","Thiruvallur","Bold","20000","20000","20000"
"2025-06-16","Chili Red","10202","Rasipuram(Uzhavar Sandhai )","33","Tamil Nadu","609","Namakkal","Bold","18000","20000","20000"
"2025-06-16","Chili Red","10200","Namakkal(Uzhavar Sandhai )","33","Tamil Nadu","609","Namakkal","Bold","16000","18000","18000"
"2025-06-16","Chili Red","10190","Anna nagar(Uzhavar Sandhai )","33","Tamil Nadu","623","Madurai","Bold","20000","20000","20000"
"2025-06-15","Chili Red","10190","Anna nagar(Uzhavar Sandhai )","33","Tamil Nadu","623","Madurai","Bold","20000","20000","20000"
"2025-06-15","Chili Red","10323","Tiruppur (North) (Uzhavar Sandhai )","33","Tamil Nadu","632","Coimbatore","Bold","16000","17000","17000"
"2025-06-15","Chili Red","10256","Ambattur(Uzhavar Sandhai )","33","Tamil Nadu","602","Thiruvallur","Bold","20000","20000","20000"
"2025-06-15","Chili Red","10202","Rasipuram(Uzhavar Sandhai )","33","Tamil Nadu","609","Namakkal","Bold","18000","20000","20000"
"2025-06-15","Chili Red","10210","Perambalur(Uzhavar Sandhai )","33","Tamil Nadu","615","Perambalur","Bold","15000","17000","17000"
"2025-06-15","Chili Red","10200","Namakkal(Uzhavar Sandhai )","33","Tamil Nadu","609","Namakkal","Bold","15000","18000","18000"
"2025-06-14","Chili Red","10200","Namakkal(Uzhavar Sandhai )","33","Tamil Nadu","609","Namakkal","Bold","16000","18000","18000"
"2025-06-14","Chili Red","10190","Anna nagar(Uzhavar Sandhai )","33","Tamil Nadu","623","Madurai","Bold","20000","20000","20000"
"2025-06-14","Chili Red","10256","Ambattur(Uzhavar Sandhai )","33","Tamil Nadu","602","Thiruvallur","Bold","20000","20000","20000"
"2025-06-14","Chili Red","10202","Rasipuram(Uzhavar Sandhai )","33","Tamil Nadu","609","Namakkal","Bold","18000","20000","20000"
"2025-06-14","Chili Red","10210","Perambalur(Uzhavar Sandhai )","33","Tamil Nadu","615","Perambalur","Bold","15000","17000","17000"
"2025-06-13","Chili Red","10210","Perambalur(Uzhavar Sandhai )","33","Tamil Nadu","615","Perambalur","Bold","15000","17000","17000"
"2025-06-13","Chili Red","10256","Ambattur(Uzhavar Sandhai )","33","Tamil Nadu","602","Thiruvallur","Bold","20000","20000","20000"
"2025-06-13","Chili Red","10202","Rasipuram(Uzhavar Sandhai )","33","Tamil Nadu","609","Namakkal","Bold","18000","20000","20000"
"2025-06-13","Chili Red","10200","Namakkal(Uzhavar Sandhai )","33","Tamil Nadu","609","Namakkal","Bold","15000","18000","18000"
"2025-06-13","Chili Red","10190","Anna nagar(Uzhavar Sandhai )","33","Tamil Nadu","623","Madurai","Bold","20000","20000","20000"
"2025-06-12","Chili Red","10256","Ambattur(Uzhavar Sandhai )","33","Tamil Nadu","602","Thiruvallur","Bold","20000","20000","20000"
"2025-06-12","Chili Red","10202","Rasipuram(Uzhavar Sandhai )","33","Tamil Nadu","609","Namakkal","Bold","18000","20000","20000"
"2025-06-12","Chili Red","10200","Namakkal(Uzhavar Sandhai )","33","Tamil Nadu","609","Namakkal","Bold","16000","18000","18000"
"2025-06-12","Chili Red","10210","Perambalur(Uzhavar Sandhai )","33","Tamil Nadu","615","Perambalur","Bold","15000","17000","17000"
"2025-06-12","Chili Red","10190","Anna nagar(Uzhavar Sandhai )","33","Tamil Nadu","623","Madurai","Bold","20000","20000","20000"
"2025-06-11","Chili Red","10256","Ambattur(Uzhavar Sandhai )","33","Tamil Nadu","602","Thiruvallur","Bold","20000","20000","20000"
"2025-06-11","Chili Red","10202","Rasipuram(Uzhavar Sandhai )","33","Tamil Nadu","609","Namakkal","Bold","18000","20000","20000"
"2025-06-11","Chili Red","10200","Namakkal(Uzhavar Sandhai )","33","Tamil Nadu","609","Namakkal","Bold","16000","18000","18000"
"2025-06-11","Chili Red","10210","Perambalur(Uzhavar Sandhai )","33","Tamil Nadu","615","Perambalur","Bold","15000","17000","17000"
"2025-06-11","Chili Red","10190","Anna nagar(Uzhavar Sandhai )","33","Tamil Nadu","623","Madurai","Bold","20000","20000","20000"
"2025-06-09","Chili Red","10256","Ambattur(Uzhavar Sandhai )","33","Tamil Nadu","602","Thiruvallur","Bold","20000","20000","20000"
"2025-06-09","Chili Red","10202","Rasipuram(Uzhavar Sandhai )","33","Tamil Nadu","609","Namakkal","Bold","18000","20000","20000"
"2025-06-09","Chili Red","10200","Namakkal(Uzhavar Sandhai )","33","Tamil Nadu","609","Namakkal","Bold","16500","18000","18000"
"2025-06-09","Chili Red","10210","Perambalur(Uzhavar Sandhai )","33","Tamil Nadu","615","Perambalur","Bold","15000","17000","17000"
"2025-06-09","Chili Red","10190","Anna nagar(Uzhavar Sandhai )","33","Tamil Nadu","623","Madurai","Bold","22000","22000","22000"
"2025-06-08","Chili Red","10323","Tiruppur (North) (Uzhavar Sandhai )","33","Tamil Nadu","632","Coimbatore","Bold","16000","17000","17000"
"2025-06-08","Chili Red","10256","Ambattur(Uzhavar Sandhai )","33","Tamil Nadu","602","Thiruvallur","Bold","20000","20000","20000"
"2025-06-08","Chili Red","10202","Rasipuram(Uzhavar Sandhai )","33","Tamil Nadu","609","Namakkal","Bold","18000","20000","20000"
"2025-06-08","Chili Red","10200","Namakkal(Uzhavar Sandhai )","33","Tamil Nadu","609","Namakkal","Bold","16000","18000","18000"
"2025-06-08","Chili Red","10210","Perambalur(Uzhavar Sandhai )","33","Tamil Nadu","615","Perambalur","Bold","15000","17000","17000"
"2025-06-08","Chili Red","10190","Anna nagar(Uzhavar Sandhai )","33","Tamil Nadu","623","Madurai","Bold","20000","20000","20000"
"2025-06-07","Chili Red","10256","Ambattur(Uzhavar Sandhai )","33","Tamil Nadu","602","Thiruvallur","Bold","20000","20000","20000"
"2025-06-07","Chili Red","10202","Rasipuram(Uzhavar Sandhai )","33","Tamil Nadu","609","Namakkal","Bold","18000","20000","20000"
"2025-06-07","Chili Red","10200","Namakkal(Uzhavar Sandhai )","33","Tamil Nadu","609","Namakkal","Bold","16500","18000","18000"
"2025-06-07","Chili Red","10210","Perambalur(Uzhavar Sandhai )","33","Tamil Nadu","615","Perambalur","Bold","15000","17000","17000"
"2025-06-07","Chili Red","10190","Anna nagar(Uzhavar Sandhai )","33","Tamil Nadu","623","Madurai","Bold","22000","22000","22000"
"2025-06-06","Chili Red","10256","Ambattur(Uzhavar Sandhai )","33","Tamil Nadu","602","Thiruvallur","Bold","20000","20000","20000"
"2025-06-06","Chili Red","10202","Rasipuram(Uzhavar Sandhai )","33","Tamil Nadu","609","Namakkal","Bold","18000","20000","20000"
"2025-06-06","Chili Red","10200","Namakkal(Uzhavar Sandhai )","33","Tamil Nadu","609","Namakkal","Bold","16000","18000","18000"
"2025-06-06","Chili Red","10210","Perambalur(Uzhavar Sandhai )","33","Tamil Nadu","615","Perambalur","Bold","15000","17000","17000"
"2025-06-06","Chili Red","10190","Anna nagar(Uzhavar Sandhai )","33","Tamil Nadu","623","Madurai","Bold","20000","20000","20000"
"2025-06-05","Chili Red","10190","Anna nagar(Uzhavar Sandhai )","33","Tamil Nadu","623","Madurai","Bold","20000","20000","20000"
"2025-06-05","Chili Red","10210","Perambalur(Uzhavar Sandhai )","33","Tamil Nadu","615","Perambalur","Bold","15000","17000","17000"
"2025-06-05","Chili Red","10200","Namakkal(Uzhavar Sandhai )","33","Tamil Nadu","609","Namakkal","Bold","16000","18000","18000"
"2025-06-05","Chili Red","10202","Rasipuram(Uzhavar Sandhai )","33","Tamil Nadu","609","Namakkal","Bold","18000","20000","20000"
"2025-06-05","Chili Red","10256","Ambattur(Uzhavar Sandhai )","33","Tamil Nadu","602","Thiruvallur","Bold","20000","20000","20000"
"2025-06-04","Chili Red","10190","Anna nagar(Uzhavar Sandhai )","33","Tamil Nadu","623","Madurai","Bold","20000","20000","20000"
"2025-06-04","Chili Red","10210","Perambalur(Uzhavar Sandhai )","33","Tamil Nadu","615","Perambalur","Bold","15000","17000","17000"
"2025-06-04","Chili Red","10200","Namakkal(Uzhavar Sandhai )","33","Tamil Nadu","609","Namakkal","Bold","16000","18000","18000"
"2025-06-04","Chili Red","10202","Rasipuram(Uzhavar Sandhai )","33","Tamil Nadu","609","Namakkal","Bold","18000","20000","20000"
"2025-06-04","Chili Red","10256","Ambattur(Uzhavar Sandhai )","33","Tamil Nadu","602","Thiruvallur","Bold","20000","20000","20000"
"2025-06-03","Chili Red","10190","Anna nagar(Uzhavar Sandhai )","33","Tamil Nadu","623","Madurai","Bold","22000","22000","22000"
"2025-06-03","Chili Red","10256","Ambattur(Uzhavar Sandhai )","33","Tamil Nadu","602","Thiruvallur","Bold","20000","20000","20000"
"2025-06-03","Chili Red","10202","Rasipuram(Uzhavar Sandhai )","33","Tamil Nadu","609","Namakkal","Bold","18000","20000","20000"
"2025-06-03","Chili Red","10200","Namakkal(Uzhavar Sandhai )","33","Tamil Nadu","609","Namakkal","Bold","16000","18000","18000"
"2025-06-03","Chili Red","10210","Perambalur(Uzhavar Sandhai )","33","Tamil Nadu","615","Perambalur","Bold","15000","17000","17000"
"2025-06-02","Chili Red","10210","Perambalur(Uzhavar Sandhai )","33","Tamil Nadu","615","Perambalur","Bold","15000","17000","17000"
"2025-06-02","Chili Red","10256","Ambattur(Uzhavar Sandhai )","33","Tamil Nadu","602","Thiruvallur","Bold","20000","20000","20000"
"2025-06-02","Chili Red","10202","Rasipuram(Uzhavar Sandhai )","33","Tamil Nadu","609","Namakkal","Bold","18000","20000","20000"
"2025-06-02","Chili Red","10200","Namakkal(Uzhavar Sandhai )","33","Tamil Nadu","609","Namakkal","Bold","16500","18000","18000"
"2025-06-02","Chili Red","10190","Anna nagar(Uzhavar Sandhai )","33","Tamil Nadu","623","Madurai","Bold","22000","22000","22000"
"2025-06-01","Chili Red","10210","Perambalur(Uzhavar Sandhai )","33","Tamil Nadu","615","Perambalur","Bold","15000","17000","17000"
"2025-06-01","Chili Red","10323","Tiruppur (North) (Uzhavar Sandhai )","33","Tamil Nadu","632","Coimbatore","Bold","16000","17000","17000"
"2025-06-01","Chili Red","10256","Ambattur(Uzhavar Sandhai )","33","Tamil Nadu","602","Thiruvallur","Bold","20000","20000","20000"
"2025-06-01","Chili Red","10202","Rasipuram(Uzhavar Sandhai )","33","Tamil Nadu","609","Namakkal","Bold","18000","20000","20000"
"2025-06-01","Chili Red","10200","Namakkal(Uzhavar Sandhai )","33","Tamil Nadu","609","Namakkal","Bold","16500","18000","18000"
"2025-06-01","Chili Red","10190","Anna nagar(Uzhavar Sandhai )","33","Tamil Nadu","623","Madurai","Bold","22000","22000","22000"
"2025-05-31","Chili Red","10210","Perambalur(Uzhavar Sandhai )","33","Tamil Nadu","615","Perambalur","Bold","15000","17000","17000"
"2025-05-31","Chili Red","10323","Tiruppur (North) (Uzhavar Sandhai )","33","Tamil Nadu","632","Coimbatore","Bold","16000","17000","17000"
"2025-05-31","Chili Red","10288","Kahithapattarai(Uzhavar Sandhai )","33","Tamil Nadu","605","Vellore","Bold","15000","15000","15000"
"2025-05-31","Chili Red","10202","Rasipuram(Uzhavar Sandhai )","33","Tamil Nadu","609","Namakkal","Bold","18000","20000","20000"
"2025-05-31","Chili Red","10200","Namakkal(Uzhavar Sandhai )","33","Tamil Nadu","609","Namakkal","Bold","16000","18000","18000"
"2025-05-31","Chili Red","10190","Anna nagar(Uzhavar Sandhai )","33","Tamil Nadu","623","Madurai","Bold","20000","20000","20000"
"2025-05-30","Chili Red","10210","Perambalur(Uzhavar Sandhai )","33","Tamil Nadu","615","Perambalur","Bold","15000","17000","17000"
"2025-05-30","Chili Red","10323","Tiruppur (North) (Uzhavar Sandhai )","33","Tamil Nadu","632","Coimbatore","Bold","16000","17000","17000"
"2025-05-30","Chili Red","10202","Rasipuram(Uzhavar Sandhai )","33","Tamil Nadu","609","Namakkal","Bold","18000","20000","20000"
"2025-05-30","Chili Red","10200","Namakkal(Uzhavar Sandhai )","33","Tamil Nadu","609","Namakkal","Bold","15000","18000","18000"
"2025-05-30","Chili Red","10190","Anna nagar(Uzhavar Sandhai )","33","Tamil Nadu","623","Madurai","Bold","22000","22000","22000"
"2025-05-29","Chili Red","10210","Perambalur(Uzhavar Sandhai )","33","Tamil Nadu","615","Perambalur","Bold","15000","17000","17000"
"2025-05-29","Chili Red","10202","Rasipuram(Uzhavar Sandhai )","33","Tamil Nadu","609","Namakkal","Bold","18000","20000","20000"
"2025-05-29","Chili Red","10200","Namakkal(Uzhavar Sandhai )","33","Tamil Nadu","609","Namakkal","Bold","15000","18000","18000"
"2025-05-29","Chili Red","10190","Anna nagar(Uzhavar Sandhai )","33","Tamil Nadu","623","Madurai","Bold","20000","20000","20000"
"2025-05-28","Chili Red","10210","Perambalur(Uzhavar Sandhai )","33","Tamil Nadu","615","Perambalur","Bold","16000","17000","17000"
"2025-05-28","Chili Red","10202","Rasipuram(Uzhavar Sandhai )","33","Tamil Nadu","609","Namakkal","Bold","18000","20000","20000"
"2025-05-28","Chili Red","10200","Namakkal(Uzhavar Sandhai )","33","Tamil Nadu","609","Namakkal","Bold","16000","18000","18000"
"2025-05-28","Chili Red","10190","Anna nagar(Uzhavar Sandhai )","33","Tamil Nadu","623","Madurai","Bold","20000","20000","20000"
"2025-05-27","Chili Red","10210","Perambalur(Uzhavar Sandhai )","33","Tamil Nadu","615","Perambalur","Bold","16000","17000","17000"
"2025-05-27","Chili Red","10286","Katpadi (Uzhavar Sandhai )","33","Tamil Nadu","605","Vellore","Bold","18000","18000","18000"
"2025-05-27","Chili Red","10202","Rasipuram(Uzhavar Sandhai )","33","Tamil Nadu","609","Namakkal","Bold","16000","20000","20000"
"2025-05-27","Chili Red","10200","Namakkal(Uzhavar Sandhai )","33","Tamil Nadu","609","Namakkal","Bold","16000","18000","18000"
"2025-05-27","Chili Red","10190","Anna nagar(Uzhavar Sandhai )","33","Tamil Nadu","623","Madurai","Bold","22000","22000","22000"
"2025-05-26","Chili Red","10202","Rasipuram(Uzhavar Sandhai )","33","Tamil Nadu","609","Namakkal","Bold","18000","20000","20000"
"2025-05-26","Chili Red","10323","Tiruppur (North) (Uzhavar Sandhai )","33","Tamil Nadu","632","Coimbatore","Bold","16000","17000","17000"
"2025-05-26","Chili Red","10200","Namakkal(Uzhavar Sandhai )","33","Tamil Nadu","609","Namakkal","Bold","16500","18000","18000"
"2025-05-26","Chili Red","10210","Perambalur(Uzhavar Sandhai )","33","Tamil Nadu","615","Perambalur","Bold","15000","17000","17000"
"2025-05-26","Chili Red","10190","Anna nagar(Uzhavar Sandhai )","33","Tamil Nadu","623","Madurai","Bold","22000","22000","22000"
"2025-05-25","Chili Red","10190","Anna nagar(Uzhavar Sandhai )","33","Tamil Nadu","623","Madurai","Bold","22000","22000","22000"
"2025-05-25","Chili Red","10323","Tiruppur (North) (Uzhavar Sandhai )","33","Tamil Nadu","632","Coimbatore","Bold","16000","17000","17000"
"2025-05-25","Chili Red","10202","Rasipuram(Uzhavar Sandhai )","33","Tamil Nadu","609","Namakkal","Bold","18000","20000","20000"
"2025-05-25","Chili Red","10200","Namakkal(Uzhavar Sandhai )","33","Tamil Nadu","609","Namakkal","Bold","14500","16000","16000"
"2025-05-25","Chili Red","10210","Perambalur(Uzhavar Sandhai )","33","Tamil Nadu","615","Perambalur","Bold","15000","17000","17000"
"2025-05-24","Chili Red","10210","Perambalur(Uzhavar Sandhai )","33","Tamil Nadu","615","Perambalur","Bold","15000","17000","17000"
"2025-05-24","Chili Red","10323","Tiruppur (North) (Uzhavar Sandhai )","33","Tamil Nadu","632","Coimbatore","Bold","16000","17000","17000"
"2025-05-24","Chili Red","10202","Rasipuram(Uzhavar Sandhai )","33","Tamil Nadu","609","Namakkal","Bold","18000","20000","20000"
"2025-05-24","Chili Red","10200","Namakkal(Uzhavar Sandhai )","33","Tamil Nadu","609","Namakkal","Bold","14500","16000","16000"
"2025-05-24","Chili Red","10190","Anna nagar(Uzhavar Sandhai )","33","Tamil Nadu","623","Madurai","Bold","20000","20000","20000"
"2025-05-23","Chili Red","10210","Perambalur(Uzhavar Sandhai )","33","Tamil Nadu","615","Perambalur","Bold","15000","17000","17000"
"2025-05-23","Chili Red","10202","Rasipuram(Uzhavar Sandhai )","33","Tamil Nadu","609","Namakkal","Bold","18000","20000","20000"
"2025-05-23","Chili Red","10200","Namakkal(Uzhavar Sandhai )","33","Tamil Nadu","609","Namakkal","Bold","15000","16000","16000"
"2025-05-23","Chili Red","10190","Anna nagar(Uzhavar Sandhai )","33","Tamil Nadu","623","Madurai","Bold","20000","20000","20000"
"2025-05-22","Chili Red","10210","Perambalur(Uzhavar Sandhai )","33","Tamil Nadu","615","Perambalur","Bold","15000","17000","17000"
"2025-05-22","Chili Red","10323","Tiruppur (North) (Uzhavar Sandhai )","33","Tamil Nadu","632","Coimbatore","Bold","16000","17000","17000"
"2025-05-22","Chili Red","10202","Rasipuram(Uzhavar Sandhai )","33","Tamil Nadu","609","Namakkal","Bold","18000","20000","20000"
"2025-05-22","Chili Red","10200","Namakkal(Uzhavar Sandhai )","33","Tamil Nadu","609","Namakkal","Bold","14000","16000","16000"
"2025-05-22","Chili Red","10190","Anna nagar(Uzhavar Sandhai )","33","Tamil Nadu","623","Madurai","Bold","20000","20000","20000"
"2025-05-21","Chili Red","10323","Tiruppur (North) (Uzhavar Sandhai )","33","Tamil Nadu","632","Coimbatore","Bold","16000","17000","17000"
"2025-05-21","Chili Red","10202","Rasipuram(Uzhavar Sandhai )","33","Tamil Nadu","609","Namakkal","Bold","18000","20000","20000"
"2025-05-21","Chili Red","10210","Perambalur(Uzhavar Sandhai )","33","Tamil Nadu","615","Perambalur","Bold","15000","17000","17000"
"2025-05-21","Chili Red","10200","Namakkal(Uzhavar Sandhai )","33","Tamil Nadu","609","Namakkal","Bold","15000","16000","16000"
"2025-05-21","Chili Red","10190","Anna nagar(Uzhavar Sandhai )","33","Tamil Nadu","623","Madurai","Bold","20000","20000","20000"
"2025-05-20","Chili Red","10200","Namakkal(Uzhavar Sandhai )","33","Tamil Nadu","609","Namakkal","Bold","14000","46000","46000"
"2025-05-20","Chili Red","10323","Tiruppur (North) (Uzhavar Sandhai )","33","Tamil Nadu","632","Coimbatore","Bold","16000","17000","17000"
"2025-05-20","Chili Red","10202","Rasipuram(Uzhavar Sandhai )","33","Tamil Nadu","609","Namakkal","Bold","16000","20000","20000"
"2025-05-20","Chili Red","10190","Anna nagar(Uzhavar Sandhai )","33","Tamil Nadu","623","Madurai","Bold","22000","22000","22000"
"2025-05-19","Chili Red","10202","Rasipuram(Uzhavar Sandhai )","33","Tamil Nadu","609","Namakkal","Bold","18000","20000","20000"
"2025-05-19","Chili Red","10200","Namakkal(Uzhavar Sandhai )","33","Tamil Nadu","609","Namakkal","Bold","15000","16000","16000"
"2025-05-19","Chili Red","10190","Anna nagar(Uzhavar Sandhai )","33","Tamil Nadu","623","Madurai","Bold","22000","22000","22000"
"2025-05-18","Chili Red","10323","Tiruppur (North) (Uzhavar Sandhai )","33","Tamil Nadu","632","Coimbatore","Bold","17000","18000","18000"
"2025-05-18","Chili Red","10202","Rasipuram(Uzhavar Sandhai )","33","Tamil Nadu","609","Namakkal","Bold","18000","20000","20000"
"2025-05-18","Chili Red","10200","Namakkal(Uzhavar Sandhai )","33","Tamil Nadu","609","Namakkal","Bold","14500","16000","16000"
"2025-05-18","Chili Red","10210","Perambalur(Uzhavar Sandhai )","33","Tamil Nadu","615","Perambalur","Bold","15000","17000","17000"
"2025-05-18","Chili Red","10190","Anna nagar(Uzhavar Sandhai )","33","Tamil Nadu","623","Madurai","Bold","22000","22000","22000"
"2025-05-17","Chili Red","10210","Perambalur(Uzhavar Sandhai )","33","Tamil Nadu","615","Perambalur","Bold","15000","17000","17000"
"2025-05-17","Chili Red","10202","Rasipuram(Uzhavar Sandhai )","33","Tamil Nadu","609","Namakkal","Bold","16000","20000","20000"
"2025-05-17","Chili Red","10200","Namakkal(Uzhavar Sandhai )","33","Tamil Nadu","609","Namakkal","Bold","16000","18000","18000"
"2025-05-17","Chili Red","10190","Anna nagar(Uzhavar Sandhai )","33","Tamil Nadu","623","Madurai","Bold","20000","20000","20000"
"2025-05-16","Chili Red","10202","Rasipuram(Uzhavar Sandhai )","33","Tamil Nadu","609","Namakkal","Bold","18000","20000","20000"
"2025-05-16","Chili Red","10286","Katpadi (Uzhavar Sandhai )","33","Tamil Nadu","605","Vellore","Bold","18000","18000","18000"
"2025-05-16","Chili Red","10200","Namakkal(Uzhavar Sandhai )","33","Tamil Nadu","609","Namakkal","Bold","15000","16000","16000"
"2025-05-16","Chili Red","10210","Perambalur(Uzhavar Sandhai )","33","Tamil Nadu","615","Perambalur","Bold","15000","17000","17000"
"2025-05-16","Chili Red","10190","Anna nagar(Uzhavar Sandhai )","33","Tamil Nadu","623","Madurai","Bold","20000","20000","20000"
"2025-05-15","Chili Red","10202","Rasipuram(Uzhavar Sandhai )","33","Tamil Nadu","609","Namakkal","Bold","19000","21000","21000"
"2025-05-15","Chili Red","10200","Namakkal(Uzhavar Sandhai )","33","Tamil Nadu","609","Namakkal","Bold","15000","16000","16000"
"2025-05-15","Chili Red","10210","Perambalur(Uzhavar Sandhai )","33","Tamil Nadu","615","Perambalur","Bold","15000","17000","17000"
"2025-05-15","Chili Red","10190","Anna nagar(Uzhavar Sandhai )","33","Tamil Nadu","623","Madurai","Bold","20000","20000","20000"
"2025-05-15","Chili Red","10323","Tiruppur (North) (Uzhavar Sandhai )","33","Tamil Nadu","632","Coimbatore","Bold","16000","17000","17000"
"2025-05-14","Chili Red","10323","Tiruppur (North) (Uzhavar Sandhai )","33","Tamil Nadu","632","Coimbatore","Bold","16000","17000","17000"
"2025-05-14","Chili Red","10202","Rasipuram(Uzhavar Sandhai )","33","Tamil Nadu","609","Namakkal","Bold","19000","21000","21000"
"2025-05-14","Chili Red","10200","Namakkal(Uzhavar Sandhai )","33","Tamil Nadu","609","Namakkal","Bold","15000","16000","16000"
"2025-05-14","Chili Red","10210","Perambalur(Uzhavar Sandhai )","33","Tamil Nadu","615","Perambalur","Bold","15000","16000","16000"
"2025-05-14","Chili Red","10190","Anna nagar(Uzhavar Sandhai )","33","Tamil Nadu","623","Madurai","Bold","22000","22000","22000"
"2025-05-13","Chili Red","10200","Namakkal(Uzhavar Sandhai )","33","Tamil Nadu","609","Namakkal","Bold","15000","16000","16000"
"2025-05-13","Chili Red","10202","Rasipuram(Uzhavar Sandhai )","33","Tamil Nadu","609","Namakkal","Bold","20000","22000","22000"
"2025-05-13","Chili Red","10210","Perambalur(Uzhavar Sandhai )","33","Tamil Nadu","615","Perambalur","Bold","16000","17000","17000"
"2025-05-13","Chili Red","10190","Anna nagar(Uzhavar Sandhai )","33","Tamil Nadu","623","Madurai","Bold","22000","22000","22000"
"2025-05-12","Chili Red","10190","Anna nagar(Uzhavar Sandhai )","33","Tamil Nadu","623","Madurai","Bold","22000","22000","22000"
"2025-05-12","Chili Red","10202","Rasipuram(Uzhavar Sandhai )","33","Tamil Nadu","609","Namakkal","Bold","19000","21000","21000"
"2025-05-12","Chili Red","10210","Perambalur(Uzhavar Sandhai )","33","Tamil Nadu","615","Perambalur","Bold","15000","17000","17000"
"2025-05-11","Chili Red","10202","Rasipuram(Uzhavar Sandhai )","33","Tamil Nadu","609","Namakkal","Bold","20000","21000","21000"
"2025-05-11","Chili Red","10210","Perambalur(Uzhavar Sandhai )","33","Tamil Nadu","615","Perambalur","Bold","15000","17000","17000"
"2025-05-11","Chili Red","10190","Anna nagar(Uzhavar Sandhai )","33","Tamil Nadu","623","Madurai","Bold","22000","22000","22000"
"2025-05-11","Chili Red","10323","Tiruppur (North) (Uzhavar Sandhai )","33","Tamil Nadu","632","Coimbatore","Bold","16000","17000","17000"
"2025-05-09","Chili Red","10323","Tiruppur (North) (Uzhavar Sandhai )","33","Tamil Nadu","632","Coimbatore","Bold","16000","17000","17000"
"2025-05-09","Chili Red","10202","Rasipuram(Uzhavar Sandhai )","33","Tamil Nadu","609","Namakkal","Bold","19000","21000","21000"
"2025-05-09","Chili Red","10165","Palani(Uzhavar Sandhai )","33","Tamil Nadu","612","Dindigul","Bold","14000","14000","14000"
"2025-05-09","Chili Red","10210","Perambalur(Uzhavar Sandhai )","33","Tamil Nadu","615","Perambalur","Bold","15000","17000","17000"
"2025-05-09","Chili Red","10190","Anna nagar(Uzhavar Sandhai )","33","Tamil Nadu","623","Madurai","Bold","22000","22000","22000"
"2025-05-08","Chili Red","10202","Rasipuram(Uzhavar Sandhai )","33","Tamil Nadu","609","Namakkal","Bold","19000","21000","21000"
"2025-05-08","Chili Red","10210","Perambalur(Uzhavar Sandhai )","33","Tamil Nadu","615","Perambalur","Bold","16000","17000","17000"
"2025-05-08","Chili Red","10190","Anna nagar(Uzhavar Sandhai )","33","Tamil Nadu","623","Madurai","Bold","22000","22000","22000"
"2025-05-07","Chili Red","10202","Rasipuram(Uzhavar Sandhai )","33","Tamil Nadu","609","Namakkal","Bold","19000","21000","21000"
"2025-05-07","Chili Red","10190","Anna nagar(Uzhavar Sandhai )","33","Tamil Nadu","623","Madurai","Bold","22000","22000","22000"
"2025-05-06","Chili Red","10202","Rasipuram(Uzhavar Sandhai )","33","Tamil Nadu","609","Namakkal","Bold","18000","21000","21000"
"2025-05-06","Chili Red","10210","Perambalur(Uzhavar Sandhai )","33","Tamil Nadu","615","Perambalur","Bold","15000","16000","16000"
"2025-05-06","Chili Red","10190","Anna nagar(Uzhavar Sandhai )","33","Tamil Nadu","623","Madurai","Bold","22000","22000","22000"
"2025-05-05","Chili Red","10210","Perambalur(Uzhavar Sandhai )","33","Tamil Nadu","615","Perambalur","Bold","15000","16000","16000"
"2025-05-05","Chili Red","10202","Rasipuram(Uzhavar Sandhai )","33","Tamil Nadu","609","Namakkal","Bold","19000","21000","21000"
"2025-05-05","Chili Red","10190","Anna nagar(Uzhavar Sandhai )","33","Tamil Nadu","623","Madurai","Bold","22000","22000","22000"
"2025-05-04","Chili Red","10190","Anna nagar(Uzhavar Sandhai )","33","Tamil Nadu","623","Madurai","Bold","20000","20000","20000"
"2025-05-04","Chili Red","10323","Tiruppur (North) (Uzhavar Sandhai )","33","Tamil Nadu","632","Coimbatore","Bold","16000","17000","17000"
"2025-05-04","Chili Red","10202","Rasipuram(Uzhavar Sandhai )","33","Tamil Nadu","609","Namakkal","Bold","16000","18000","18000"
"2025-05-04","Chili Red","10200","Namakkal(Uzhavar Sandhai )","33","Tamil Nadu","609","Namakkal","Bold","16500","18000","18000"
"2025-05-04","Chili Red","10210","Perambalur(Uzhavar Sandhai )","33","Tamil Nadu","615","Perambalur","Bold","15000","16000","16000"
"2025-05-03","Chili Red","10323","Tiruppur (North) (Uzhavar Sandhai )","33","Tamil Nadu","632","Coimbatore","Bold","16000","17000","17000"
"2025-05-03","Chili Red","10202","Rasipuram(Uzhavar Sandhai )","33","Tamil Nadu","609","Namakkal","Bold","16000","18000","18000"
"2025-05-03","Chili Red","10200","Namakkal(Uzhavar Sandhai )","33","Tamil Nadu","609","Namakkal","Bold","16000","18000","18000"
"2025-05-03","Chili Red","10210","Perambalur(Uzhavar Sandhai )","33","Tamil Nadu","615","Perambalur","Bold","15000","16000","16000"
"2025-05-03","Chili Red","10190","Anna nagar(Uzhavar Sandhai )","33","Tamil Nadu","623","Madurai","Bold","20000","20000","20000"
"2025-05-02","Chili Red","10323","Tiruppur (North) (Uzhavar Sandhai )","33","Tamil Nadu","632","Coimbatore","Bold","16000","17000","17000"
"2025-05-02","Chili Red","10202","Rasipuram(Uzhavar Sandhai )","33","Tamil Nadu","609","Namakkal","Bold","16000","18000","18000"
"2025-05-02","Chili Red","10210","Perambalur(Uzhavar Sandhai )","33","Tamil Nadu","615","Perambalur","Bold","15000","17000","17000"
"2025-05-02","Chili Red","10190","Anna nagar(Uzhavar Sandhai )","33","Tamil Nadu","623","Madurai","Bold","22000","22000","22000"
"2025-05-01","Chili Red","10323","Tiruppur (North) (Uzhavar Sandhai )","33","Tamil Nadu","632","Coimbatore","Bold","16000","17000","17000"
"2025-05-01","Chili Red","10202","Rasipuram(Uzhavar Sandhai )","33","Tamil Nadu","609","Namakkal","Bold","15000","18000","18000"
"2025-05-01","Chili Red","10210","Perambalur(Uzhavar Sandhai )","33","Tamil Nadu","615","Perambalur","Bold","16000","16000","16000"
"2025-05-01","Chili Red","10190","Anna nagar(Uzhavar Sandhai )","33","Tamil Nadu","623","Madurai","Bold","20000","20000","20000"
"2025-04-30","Chili Red","10202","Rasipuram(Uzhavar Sandhai )","33","Tamil Nadu","609","Namakkal","Bold","15000","18000","18000"
"2025-04-30","Chili Red","10200","Namakkal(Uzhavar Sandhai )","33","Tamil Nadu","609","Namakkal","Bold","20000","22000","22000"
"2025-04-30","Chili Red","10210","Perambalur(Uzhavar Sandhai )","33","Tamil Nadu","615","Perambalur","Bold","15000","16000","16000"
"2025-04-30","Chili Red","10190","Anna nagar(Uzhavar Sandhai )","33","Tamil Nadu","623","Madurai","Bold","20000","20000","20000"
"2025-04-29","Chili Red","10202","Rasipuram(Uzhavar Sandhai )","33","Tamil Nadu","609","Namakkal","Bold","15000","18000","18000"
"2025-04-29","Chili Red","10200","Namakkal(Uzhavar Sandhai )","33","Tamil Nadu","609","Namakkal","Bold","20000","22000","22000"
"2025-04-29","Chili Red","10210","Perambalur(Uzhavar Sandhai )","33","Tamil Nadu","615","Perambalur","Bold","15000","16000","16000"
"2025-04-29","Chili Red","10190","Anna nagar(Uzhavar Sandhai )","33","Tamil Nadu","623","Madurai","Bold","22000","22000","22000"
"2025-04-28","Chili Red","10202","Rasipuram(Uzhavar Sandhai )","33","Tamil Nadu","609","Namakkal","Bold","15000","18000","18000"
"2025-04-28","Chili Red","10200","Namakkal(Uzhavar Sandhai )","33","Tamil Nadu","609","Namakkal","Bold","20000","22000","22000"
"2025-04-28","Chili Red","10210","Perambalur(Uzhavar Sandhai )","33","Tamil Nadu","615","Perambalur","Bold","15000","16000","16000"
"2025-04-28","Chili Red","10190","Anna nagar(Uzhavar Sandhai )","33","Tamil Nadu","623","Madurai","Bold","22000","22000","22000"
"2025-04-27","Chili Red","10323","Tiruppur (North) (Uzhavar Sandhai )","33","Tamil Nadu","632","Coimbatore","Bold","16000","17000","17000"
"2025-04-27","Chili Red","10202","Rasipuram(Uzhavar Sandhai )","33","Tamil Nadu","609","Namakkal","Bold","16000","18000","18000"
"2025-04-27","Chili Red","10200","Namakkal(Uzhavar Sandhai )","33","Tamil Nadu","609","Namakkal","Bold","19500","22000","22000"
"2025-04-27","Chili Red","10210","Perambalur(Uzhavar Sandhai )","33","Tamil Nadu","615","Perambalur","Bold","15000","16000","16000"
"2025-04-27","Chili Red","10190","Anna nagar(Uzhavar Sandhai )","33","Tamil Nadu","623","Madurai","Bold","20000","20000","20000"
"2025-04-27","Chili Red","10151","Sulur(Uzhavar Sandhai )","33","Tamil Nadu","632","Coimbatore","Bold","5400","6000","6000"
"2025-04-26","Chili Red","10202","Rasipuram(Uzhavar Sandhai )","33","Tamil Nadu","609","Namakkal","Bold","16000","18000","18000"
"2025-04-26","Chili Red","10200","Namakkal(Uzhavar Sandhai )","33","Tamil Nadu","609","Namakkal","Bold","20000","22000","22000"
"2025-04-26","Chili Red","10210","Perambalur(Uzhavar Sandhai )","33","Tamil Nadu","615","Perambalur","Bold","15000","16000","16000"
"2025-04-26","Chili Red","10190","Anna nagar(Uzhavar Sandhai )","33","Tamil Nadu","623","Madurai","Bold","20000","20000","20000"
"2025-04-25","Chili Red","10190","Anna nagar(Uzhavar Sandhai )","33","Tamil Nadu","623","Madurai","Bold","20000","20000","20000"
"2025-04-25","Chili Red","10210","Perambalur(Uzhavar Sandhai )","33","Tamil Nadu","615","Perambalur","Bold","15000","16000","16000"
"2025-04-25","Chili Red","10200","Namakkal(Uzhavar Sandhai )","33","Tamil Nadu","609","Namakkal","Bold","19500","22000","22000"
"2025-04-25","Chili Red","10202","Rasipuram(Uzhavar Sandhai )","33","Tamil Nadu","609","Namakkal","Bold","16000","18000","18000"
"2025-04-25","Chili Red","10323","Tiruppur (North) (Uzhavar Sandhai )","33","Tamil Nadu","632","Coimbatore","Bold","16000","17000","17000"
"2025-04-24","Chili Red","10190","Anna nagar(Uzhavar Sandhai )","33","Tamil Nadu","623","Madurai","Bold","20000","20000","20000"
"2025-04-24","Chili Red","10210","Perambalur(Uzhavar Sandhai )","33","Tamil Nadu","615","Perambalur","Bold","15000","16000","16000"
"2025-04-24","Chili Red","10200","Namakkal(Uzhavar Sandhai )","33","Tamil Nadu","609","Namakkal","Bold","20000","22000","22000"
"2025-04-24","Chili Red","10202","Rasipuram(Uzhavar Sandhai )","33","Tamil Nadu","609","Namakkal","Bold","15000","18000","18000"
"2025-04-24","Chili Red","10323","Tiruppur (North) (Uzhavar Sandhai )","33","Tamil Nadu","632","Coimbatore","Bold","16000","17000","17000"
"2025-04-23","Chili Red","10190","Anna nagar(Uzhavar Sandhai )","33","Tamil Nadu","623","Madurai","Bold","22000","22000","22000"
"2025-04-23","Chili Red","10202","Rasipuram(Uzhavar Sandhai )","33","Tamil Nadu","609","Namakkal","Bold","16000","18000","18000"
"2025-04-23","Chili Red","10200","Namakkal(Uzhavar Sandhai )","33","Tamil Nadu","609","Namakkal","Bold","20000","22000","22000"
"2025-04-23","Chili Red","10210","Perambalur(Uzhavar Sandhai )","33","Tamil Nadu","615","Perambalur","Bold","15000","16000","16000"
"2025-04-22","Chili Red","10210","Perambalur(Uzhavar Sandhai )","33","Tamil Nadu","615","Perambalur","Bold","15000","16000","16000"
"2025-04-22","Chili Red","10202","Rasipuram(Uzhavar Sandhai )","33","Tamil Nadu","609","Namakkal","Bold","16000","18000","18000"
"2025-04-22","Chili Red","10200","Namakkal(Uzhavar Sandhai )","33","Tamil Nadu","609","Namakkal","Bold","19500","22000","22000"
"2025-04-22","Chili Red","10190","Anna nagar(Uzhavar Sandhai )","33","Tamil Nadu","623","Madurai","Bold","22000","22000","22000"
"2025-04-21","Chili Red","10210","Perambalur(Uzhavar Sandhai )","33","Tamil Nadu","615","Perambalur","Bold","15000","16000","16000"
"2025-04-21","Chili Red","10202","Rasipuram(Uzhavar Sandhai )","33","Tamil Nadu","609","Namakkal","Bold","18000","20000","20000"
"2025-04-21","Chili Red","10200","Namakkal(Uzhavar Sandhai )","33","Tamil Nadu","609","Namakkal","Bold","20000","22000","22000"
"2025-04-21","Chili Red","10190","Anna nagar(Uzhavar Sandhai )","33","Tamil Nadu","623","Madurai","Bold","22000","22000","22000"
"2025-04-20","Chili Red","10210","Perambalur(Uzhavar Sandhai )","33","Tamil Nadu","615","Perambalur","Bold","16000","16000","16000"
"2025-04-20","Chili Red","10323","Tiruppur (North) (Uzhavar Sandhai )","33","Tamil Nadu","632","Coimbatore","Bold","16000","17000","17000"
"2025-04-20","Chili Red","10202","Rasipuram(Uzhavar Sandhai )","33","Tamil Nadu","609","Namakkal","Bold","18000","20000","20000"
"2025-04-20","Chili Red","10165","Palani(Uzhavar Sandhai )","33","Tamil Nadu","612","Dindigul","Bold","12000","15000","15000"
"2025-04-20","Chili Red","10190","Anna nagar(Uzhavar Sandhai )","33","Tamil Nadu","623","Madurai","Bold","22000","22000","22000"
"2025-04-19","Chili Red","10210","Perambalur(Uzhavar Sandhai )","33","Tamil Nadu","615","Perambalur","Bold","15000","16000","16000"
"2025-04-19","Chili Red","10202","Rasipuram(Uzhavar Sandhai )","33","Tamil Nadu","609","Namakkal","Bold","18000","20000","20000"
"2025-04-19","Chili Red","10190","Anna nagar(Uzhavar Sandhai )","33","Tamil Nadu","623","Madurai","Bold","22000","22000","22000"
"2025-04-18","Chili Red","10323","Tiruppur (North) (Uzhavar Sandhai )","33","Tamil Nadu","632","Coimbatore","Bold","16000","17000","17000"
"2025-04-18","Chili Red","10202","Rasipuram(Uzhavar Sandhai )","33","Tamil Nadu","609","Namakkal","Bold","16000","20000","20000"
"2025-04-18","Chili Red","10210","Perambalur(Uzhavar Sandhai )","33","Tamil Nadu","615","Perambalur","Bold","15000","16000","16000"
"2025-04-18","Chili Red","10190","Anna nagar(Uzhavar Sandhai )","33","Tamil Nadu","623","Madurai","Bold","20000","20000","20000"
"2025-04-17","Chili Red","10190","Anna nagar(Uzhavar Sandhai )","33","Tamil Nadu","623","Madurai","Bold","20000","20000","20000"
"2025-04-17","Chili Red","10287","Gudiyatham(Uzhavar Sandhai )","33","Tamil Nadu","605","Vellore","Bold","20000","20000","20000"
"2025-04-17","Chili Red","10202","Rasipuram(Uzhavar Sandhai )","33","Tamil Nadu","609","Namakkal","Bold","18000","20000","20000"
"2025-04-17","Chili Red","10210","Perambalur(Uzhavar Sandhai )","33","Tamil Nadu","615","Perambalur","Bold","16000","16000","16000"
"2025-04-16","Chili Red","10210","Perambalur(Uzhavar Sandhai )","33","Tamil Nadu","615","Perambalur","Bold","15000","16000","16000"
"2025-04-16","Chili Red","10287","Gudiyatham(Uzhavar Sandhai )","33","Tamil Nadu","605","Vellore","Bold","20000","20000","20000"
"2025-04-16","Chili Red","10202","Rasipuram(Uzhavar Sandhai )","33","Tamil Nadu","609","Namakkal","Bold","19000","20000","20000"
"2025-04-16","Chili Red","10190","Anna nagar(Uzhavar Sandhai )","33","Tamil Nadu","623","Madurai","Bold","20000","20000","20000"
"2025-04-15","Chili Red","10210","Perambalur(Uzhavar Sandhai )","33","Tamil Nadu","615","Perambalur","Bold","15000","16000","16000"
"2025-04-15","Chili Red","10202","Rasipuram(Uzhavar Sandhai )","33","Tamil Nadu","609","Namakkal","Bold","16000","20000","20000"
"2025-04-15","Chili Red","10190","Anna nagar(Uzhavar Sandhai )","33","Tamil Nadu","623","Madurai","Bold","22000","22000","22000"
"2025-04-14","Chili Red","10210","Perambalur(Uzhavar Sandhai )","33","Tamil Nadu","615","Perambalur","Bold","16000","17000","17000"
"2025-04-14","Chili Red","10202","Rasipuram(Uzhavar Sandhai )","33","Tamil Nadu","609","Namakkal","Bold","20000","22000","22000"
"2025-04-14","Chili Red","10190","Anna nagar(Uzhavar Sandhai )","33","Tamil Nadu","623","Madurai","Bold","20000","20000","20000"
"2025-04-13","Chili Red","10200","Namakkal(Uzhavar Sandhai )","33","Tamil Nadu","609","Namakkal","Bold","18000","20000","20000"
"2025-04-13","Chili Red","10323","Tiruppur (North) (Uzhavar Sandhai )","33","Tamil Nadu","632","Coimbatore","Bold","16000","17000","17000"
"2025-04-13","Chili Red","10190","Anna nagar(Uzhavar Sandhai )","33","Tamil Nadu","623","Madurai","Bold","20000","20000","20000"
"2025-04-13","Chili Red","10202","Rasipuram(Uzhavar Sandhai )","33","Tamil Nadu","609","Namakkal","Bold","21000","22000","22000"
"2025-04-13","Chili Red","10210","Perambalur(Uzhavar Sandhai )","33","Tamil Nadu","615","Perambalur","Bold","16000","16000","16000"
"2025-04-12","Chili Red","10202","Rasipuram(Uzhavar Sandhai )","33","Tamil Nadu","609","Namakkal","Bold","21000","22000","22000"
"2025-04-12","Chili Red","10323","Tiruppur (North) (Uzhavar Sandhai )","33","Tamil Nadu","632","Coimbatore","Bold","16000","17000","17000"
"2025-04-12","Chili Red","10210","Perambalur(Uzhavar Sandhai )","33","Tamil Nadu","615","Perambalur","Bold","16000","16000","16000"
"2025-04-12","Chili Red","10190","Anna nagar(Uzhavar Sandhai )","33","Tamil Nadu","623","Madurai","Bold","20000","20000","20000"
"2025-04-11","Chili Red","10190","Anna nagar(Uzhavar Sandhai )","33","Tamil Nadu","623","Madurai","Bold","20000","20000","20000"
"2025-04-11","Chili Red","10323","Tiruppur (North) (Uzhavar Sandhai )","33","Tamil Nadu","632","Coimbatore","Bold","16000","17000","17000"
"2025-04-11","Chili Red","10202","Rasipuram(Uzhavar Sandhai )","33","Tamil Nadu","609","Namakkal","Bold","21000","22000","22000"
"2025-04-11","Chili Red","10210","Perambalur(Uzhavar Sandhai )","33","Tamil Nadu","615","Perambalur","Bold","16000","16000","16000"
"2025-04-10","Chili Red","10210","Perambalur(Uzhavar Sandhai )","33","Tamil Nadu","615","Perambalur","Bold","17000","17000","17000"
"2025-04-10","Chili Red","10323","Tiruppur (North) (Uzhavar Sandhai )","33","Tamil Nadu","632","Coimbatore","Bold","16000","17000","17000"
"2025-04-10","Chili Red","10202","Rasipuram(Uzhavar Sandhai )","33","Tamil Nadu","609","Namakkal","Bold","21000","22000","22000"
"2025-04-10","Chili Red","10190","Anna nagar(Uzhavar Sandhai )","33","Tamil Nadu","623","Madurai","Bold","20000","20000","20000"
"2025-04-09","Chili Red","10210","Perambalur(Uzhavar Sandhai )","33","Tamil Nadu","615","Perambalur","Bold","17000","17000","17000"
"2025-04-09","Chili Red","10202","Rasipuram(Uzhavar Sandhai )","33","Tamil Nadu","609","Namakkal","Bold","21000","22000","22000"
"2025-04-09","Chili Red","10190","Anna nagar(Uzhavar Sandhai )","33","Tamil Nadu","623","Madurai","Bold","22000","22000","22000"
"2025-04-08","Chili Red","10210","Perambalur(Uzhavar Sandhai )","33","Tamil Nadu","615","Perambalur","Bold","16000","16000","16000"
"2025-04-08","Chili Red","10202","Rasipuram(Uzhavar Sandhai )","33","Tamil Nadu","609","Namakkal","Bold","20000","22000","22000"
"2025-04-08","Chili Red","10190","Anna nagar(Uzhavar Sandhai )","33","Tamil Nadu","623","Madurai","Bold","22000","22000","22000"
"2025-04-07","Chili Red","10210","Perambalur(Uzhavar Sandhai )","33","Tamil Nadu","615","Perambalur","Bold","15000","17000","17000"
"2025-04-07","Chili Red","10202","Rasipuram(Uzhavar Sandhai )","33","Tamil Nadu","609","Namakkal","Bold","20000","22000","22000"
"2025-04-07","Chili Red","10190","Anna nagar(Uzhavar Sandhai )","33","Tamil Nadu","623","Madurai","Bold","22000","22000","22000"
"2025-04-06","Chili Red","10190","Anna nagar(Uzhavar Sandhai )","33","Tamil Nadu","623","Madurai","Bold","20000","20000","20000"
"2025-04-06","Chili Red","10323","Tiruppur (North) (Uzhavar Sandhai )","33","Tamil Nadu","632","Coimbatore","Bold","16000","17000","17000"
"2025-04-06","Chili Red","10202","Rasipuram(Uzhavar Sandhai )","33","Tamil Nadu","609","Namakkal","Bold","21000","22000","22000"
"2025-04-06","Chili Red","10210","Perambalur(Uzhavar Sandhai )","33","Tamil Nadu","615","Perambalur","Bold","17000","17000","17000"
"2025-04-05","Chili Red","10190","Anna nagar(Uzhavar Sandhai )","33","Tamil Nadu","623","Madurai","Bold","20000","20000","20000"
"2025-04-05","Chili Red","10202","Rasipuram(Uzhavar Sandhai )","33","Tamil Nadu","609","Namakkal","Bold","21000","22000","22000"
"2025-04-05","Chili Red","10210","Perambalur(Uzhavar Sandhai )","33","Tamil Nadu","615","Perambalur","Bold","17000","17000","17000"
"2025-04-04","Chili Red","10190","Anna nagar(Uzhavar Sandhai )","33","Tamil Nadu","623","Madurai","Bold","20000","20000","20000"
"2025-04-04","Chili Red","10323","Tiruppur (North) (Uzhavar Sandhai )","33","Tamil Nadu","632","Coimbatore","Bold","16000","17000","17000"
"2025-04-04","Chili Red","10202","Rasipuram(Uzhavar Sandhai )","33","Tamil Nadu","609","Namakkal","Bold","21000","22000","22000"
"2025-04-04","Chili Red","10210","Perambalur(Uzhavar Sandhai )","33","Tamil Nadu","615","Perambalur","Bold","17000","17000","17000"
"2025-04-03","Chili Red","10210","Perambalur(Uzhavar Sandhai )","33","Tamil Nadu","615","Perambalur","Bold","17000","17000","17000"
"2025-04-03","Chili Red","10202","Rasipuram(Uzhavar Sandhai )","33","Tamil Nadu","609","Namakkal","Bold","21000","22000","22000"
"2025-04-03","Chili Red","10190","Anna nagar(Uzhavar Sandhai )","33","Tamil Nadu","623","Madurai","Bold","20000","20000","20000"
"2025-04-02","Chili Red","10202","Rasipuram(Uzhavar Sandhai )","33","Tamil Nadu","609","Namakkal","Bold","21000","22000","22000"
"2025-04-02","Chili Red","10190","Anna nagar(Uzhavar Sandhai )","33","Tamil Nadu","623","Madurai","Bold","20000","20000","20000"
"2025-04-01","Chili Red","10210","Perambalur(Uzhavar Sandhai )","33","Tamil Nadu","615","Perambalur","Bold","17000","18000","18000"
"2025-04-01","Chili Red","10202","Rasipuram(Uzhavar Sandhai )","33","Tamil Nadu","609","Namakkal","Bold","20000","22000","22000"
"2025-04-01","Chili Red","10190","Anna nagar(Uzhavar Sandhai )","33","Tamil Nadu","623","Madurai","Bold","22000","22000","22000"
"2025-03-31","Chili Red","10202","Rasipuram(Uzhavar Sandhai )","33","Tamil Nadu","609","Namakkal","Bold","20000","22000","22000"
"2025-03-31","Chili Red","10287","Gudiyatham(Uzhavar Sandhai )","33","Tamil Nadu","605","Vellore","Bold","20000","20000","20000"
"2025-03-31","Chili Red","10190","Anna nagar(Uzhavar Sandhai )","33","Tamil Nadu","623","Madurai","Bold","22000","22000","22000"
"2025-03-30","Chili Red","10202","Rasipuram(Uzhavar Sandhai )","33","Tamil Nadu","609","Namakkal","Bold","21000","22000","22000"
"2025-03-30","Chili Red","10323","Tiruppur (North) (Uzhavar Sandhai )","33","Tamil Nadu","632","Coimbatore","Bold","16000","17000","17000"
"2025-03-30","Chili Red","10190","Anna nagar(Uzhavar Sandhai )","33","Tamil Nadu","623","Madurai","Bold","20000","20000","20000"
"2025-03-30","Chili Red","10200","Namakkal(Uzhavar Sandhai )","33","Tamil Nadu","609","Namakkal","Bold","18000","20000","20000"
"2025-03-29","Chili Red","10190","Anna nagar(Uzhavar Sandhai )","33","Tamil Nadu","623","Madurai","Bold","20000","20000","20000"
"2025-03-29","Chili Red","10323","Tiruppur (North) (Uzhavar Sandhai )","33","Tamil Nadu","632","Coimbatore","Bold","16000","17000","17000"
"2025-03-29","Chili Red","10287","Gudiyatham(Uzhavar Sandhai )","33","Tamil Nadu","605","Vellore","Bold","17500","17500","17500"
"2025-03-29","Chili Red","10202","Rasipuram(Uzhavar Sandhai )","33","Tamil Nadu","609","Namakkal","Bold","21000","22000","22000"
"2025-03-29","Chili Red","10200","Namakkal(Uzhavar Sandhai )","33","Tamil Nadu","609","Namakkal","Bold","18000","20000","20000"
"2025-03-28","Chili Red","10323","Tiruppur (North) (Uzhavar Sandhai )","33","Tamil Nadu","632","Coimbatore","Bold","16000","17000","17000"
"2025-03-28","Chili Red","10202","Rasipuram(Uzhavar Sandhai )","33","Tamil Nadu","609","Namakkal","Bold","21000","22000","22000"
"2025-03-28","Chili Red","10190","Anna nagar(Uzhavar Sandhai )","33","Tamil Nadu","623","Madurai","Bold","20000","20000","20000"
"2025-03-27","Chili Red","10190","Anna nagar(Uzhavar Sandhai )","33","Tamil Nadu","623","Madurai","Bold","20000","20000","20000"
"2025-03-27","Chili Red","10202","Rasipuram(Uzhavar Sandhai )","33","Tamil Nadu","609","Namakkal","Bold","18000","22000","22000"
"2025-03-26","Chili Red","10162","Harur(Uzhavar Sandhai )","33","Tamil Nadu","630","Dharmapuri","Bold","8800","9000","9000"
"2025-03-26","Chili Red","10287","Gudiyatham(Uzhavar Sandhai )","33","Tamil Nadu","605","Vellore","Bold","20000","20000","20000"
"2025-03-26","Chili Red","10202","Rasipuram(Uzhavar Sandhai )","33","Tamil Nadu","609","Namakkal","Bold","18000","22000","22000"
"2025-03-26","Chili Red","10190","Anna nagar(Uzhavar Sandhai )","33","Tamil Nadu","623","Madurai","Bold","20000","20000","20000"
"2025-03-25","Chili Red","10210","Perambalur(Uzhavar Sandhai )","33","Tamil Nadu","615","Perambalur","Bold","18000","20000","20000"
"2025-03-25","Chili Red","10287","Gudiyatham(Uzhavar Sandhai )","33","Tamil Nadu","605","Vellore","Bold","18000","18000","18000"
"2025-03-25","Chili Red","10202","Rasipuram(Uzhavar Sandhai )","33","Tamil Nadu","609","Namakkal","Bold","20000","22000","22000"
"2025-03-25","Chili Red","10190","Anna nagar(Uzhavar Sandhai )","33","Tamil Nadu","623","Madurai","Bold","22000","22000","22000"
"2025-03-24","Chili Red","10202","Rasipuram(Uzhavar Sandhai )","33","Tamil Nadu","609","Namakkal","Bold","20000","22000","22000"
"2025-03-24","Chili Red","10287","Gudiyatham(Uzhavar Sandhai )","33","Tamil Nadu","605","Vellore","Bold","17500","17500","17500"
"2025-03-24","Chili Red","10190","Anna nagar(Uzhavar Sandhai )","33","Tamil Nadu","623","Madurai","Bold","22000","22000","22000"
"2025-03-23","Chili Red","10200","Namakkal(Uzhavar Sandhai )","33","Tamil Nadu","609","Namakkal","Bold","18000","20000","20000"
"2025-03-23","Chili Red","10287","Gudiyatham(Uzhavar Sandhai )","33","Tamil Nadu","605","Vellore","Bold","18000","18000","18000"
"2025-03-23","Chili Red","10202","Rasipuram(Uzhavar Sandhai )","33","Tamil Nadu","609","Namakkal","Bold","21000","22000","22000"
"2025-03-23","Chili Red","10190","Anna nagar(Uzhavar Sandhai )","33","Tamil Nadu","623","Madurai","Bold","20000","20000","20000"
"2025-03-22","Chili Red","10202","Rasipuram(Uzhavar Sandhai )","33","Tamil Nadu","609","Namakkal","Bold","21000","22000","22000"
"2025-03-22","Chili Red","10287","Gudiyatham(Uzhavar Sandhai )","33","Tamil Nadu","605","Vellore","Bold","17500","17500","17500"
"2025-03-22","Chili Red","10190","Anna nagar(Uzhavar Sandhai )","33","Tamil Nadu","623","Madurai","Bold","20000","20000","20000"
"2025-03-21","Chili Red","10190","Anna nagar(Uzhavar Sandhai )","33","Tamil Nadu","623","Madurai","Bold","20000","20000","20000"
"2025-03-21","Chili Red","10202","Rasipuram(Uzhavar Sandhai )","33","Tamil Nadu","609","Namakkal","Bold","20000","22000","22000"
"2025-03-20","Chili Red","10202","Rasipuram(Uzhavar Sandhai )","33","Tamil Nadu","609","Namakkal","Bold","20000","22000","22000"
"2025-03-20","Chili Red","10190","Anna nagar(Uzhavar Sandhai )","33","Tamil Nadu","623","Madurai","Bold","20000","20000","20000"
"2025-03-19","Chili Red","10202","Rasipuram(Uzhavar Sandhai )","33","Tamil Nadu","609","Namakkal","Bold","20000","22000","22000"
"2025-03-19","Chili Red","10287","Gudiyatham(Uzhavar Sandhai )","33","Tamil Nadu","605","Vellore","Bold","18000","18000","18000"
"2025-03-19","Chili Red","10190","Anna nagar(Uzhavar Sandhai )","33","Tamil Nadu","623","Madurai","Bold","20000","20000","20000"
"2025-03-18","Chili Red","10202","Rasipuram(Uzhavar Sandhai )","33","Tamil Nadu","609","Namakkal","Bold","20000","22000","22000"
"2025-03-18","Chili Red","10287","Gudiyatham(Uzhavar Sandhai )","33","Tamil Nadu","605","Vellore","Bold","17500","17500","17500"
"2025-03-18","Chili Red","10190","Anna nagar(Uzhavar Sandhai )","33","Tamil Nadu","623","Madurai","Bold","20000","20000","20000"
"2025-03-17","Chili Red","10202","Rasipuram(Uzhavar Sandhai )","33","Tamil Nadu","609","Namakkal","Bold","20000","22000","22000"
"2025-03-17","Chili Red","10287","Gudiyatham(Uzhavar Sandhai )","33","Tamil Nadu","605","Vellore","Bold","17500","17500","17500"
"2025-03-17","Chili Red","10190","Anna nagar(Uzhavar Sandhai )","33","Tamil Nadu","623","Madurai","Bold","20000","20000","20000"
"2025-03-15","Chili Red","10287","Gudiyatham(Uzhavar Sandhai )","33","Tamil Nadu","605","Vellore","Bold","18000","18000","18000"
"2025-03-15","Chili Red","10190","Anna nagar(Uzhavar Sandhai )","33","Tamil Nadu","623","Madurai","Bold","20000","20000","20000"
"2025-03-14","Chili Red","10202","Rasipuram(Uzhavar Sandhai )","33","Tamil Nadu","609","Namakkal","Bold","21000","22000","22000"
"2025-03-14","Chili Red","10190","Anna nagar(Uzhavar Sandhai )","33","Tamil Nadu","623","Madurai","Bold","20000","20000","20000"
"2025-03-13","Chili Red","10202","Rasipuram(Uzhavar Sandhai )","33","Tamil Nadu","609","Namakkal","Bold","20000","22000","22000"
"2025-03-13","Chili Red","10190","Anna nagar(Uzhavar Sandhai )","33","Tamil Nadu","623","Madurai","Bold","20000","20000","20000"
"2025-03-12","Chili Red","10190","Anna nagar(Uzhavar Sandhai )","33","Tamil Nadu","623","Madurai","Bold","20000","20000","20000"
"2025-03-12","Chili Red","10287","Gudiyatham(Uzhavar Sandhai )","33","Tamil Nadu","605","Vellore","Bold","18000","18000","18000"
"2025-03-12","Chili Red","10202","Rasipuram(Uzhavar Sandhai )","33","Tamil Nadu","609","Namakkal","Bold","20000","22000","22000"
"2025-03-11","Chili Red","10202","Rasipuram(Uzhavar Sandhai )","33","Tamil Nadu","609","Namakkal","Bold","20000","22000","22000"
"2025-03-11","Chili Red","10287","Gudiyatham(Uzhavar Sandhai )","33","Tamil Nadu","605","Vellore","Bold","18000","18000","18000"
"2025-03-11","Chili Red","10190","Anna nagar(Uzhavar Sandhai )","33","Tamil Nadu","623","Madurai","Bold","20000","20000","20000"
"2025-03-10","Chili Red","10287","Gudiyatham(Uzhavar Sandhai )","33","Tamil Nadu","605","Vellore","Bold","18000","18000","18000"
"2025-03-10","Chili Red","10190","Anna nagar(Uzhavar Sandhai )","33","Tamil Nadu","623","Madurai","Bold","20000","20000","20000"
"2025-03-10","Chili Red","10202","Rasipuram(Uzhavar Sandhai )","33","Tamil Nadu","609","Namakkal","Bold","20000","22000","22000"
"2025-03-09","Chili Red","10287","Gudiyatham(Uzhavar Sandhai )","33","Tamil Nadu","605","Vellore","Bold","18000","18000","18000"
"2025-03-09","Chili Red","10190","Anna nagar(Uzhavar Sandhai )","33","Tamil Nadu","623","Madurai","Bold","20000","20000","20000"
"2025-03-09","Chili Red","10202","Rasipuram(Uzhavar Sandhai )","33","Tamil Nadu","609","Namakkal","Bold","20000","22000","22000"
"2025-03-08","Chili Red","10287","Gudiyatham(Uzhavar Sandhai )","33","Tamil Nadu","605","Vellore","Bold","18000","18000","18000"
"2025-03-08","Chili Red","10202","Rasipuram(Uzhavar Sandhai )","33","Tamil Nadu","609","Namakkal","Bold","21000","22000","22000"
"2025-03-08","Chili Red","10190","Anna nagar(Uzhavar Sandhai )","33","Tamil Nadu","623","Madurai","Bold","20000","20000","20000"
"2025-03-07","Chili Red","10202","Rasipuram(Uzhavar Sandhai )","33","Tamil Nadu","609","Namakkal","Bold","20000","22000","22000"
"2025-03-07","Chili Red","10190","Anna nagar(Uzhavar Sandhai )","33","Tamil Nadu","623","Madurai","Bold","20000","20000","20000"
"2025-03-06","Chili Red","10202","Rasipuram(Uzhavar Sandhai )","33","Tamil Nadu","609","Namakkal","Bold","20000","22000","22000"
"2025-03-06","Chili Red","10190","Anna nagar(Uzhavar Sandhai )","33","Tamil Nadu","623","Madurai","Bold","20000","20000","20000"
"2025-03-05","Chili Red","10202","Rasipuram(Uzhavar Sandhai )","33","Tamil Nadu","609","Namakkal","Bold","20000","22000","22000"
"2025-03-05","Chili Red","10287","Gudiyatham(Uzhavar Sandhai )","33","Tamil Nadu","605","Vellore","Bold","18000","18000","18000"
"2025-03-05","Chili Red","10190","Anna nagar(Uzhavar Sandhai )","33","Tamil Nadu","623","Madurai","Bold","24000","24000","24000"
"2025-03-04","Chili Red","10202","Rasipuram(Uzhavar Sandhai )","33","Tamil Nadu","609","Namakkal","Bold","20000","22000","22000"
"2025-03-04","Chili Red","10190","Anna nagar(Uzhavar Sandhai )","33","Tamil Nadu","623","Madurai","Bold","24000","24000","24000"
"2025-03-04","Chili Red","10287","Gudiyatham(Uzhavar Sandhai )","33","Tamil Nadu","605","Vellore","Bold","18000","18000","18000"
"2025-03-03","Chili Red","10190","Anna nagar(Uzhavar Sandhai )","33","Tamil Nadu","623","Madurai","Bold","24000","24000","24000"
"2025-03-03","Chili Red","10202","Rasipuram(Uzhavar Sandhai )","33","Tamil Nadu","609","Namakkal","Bold","21000","22000","22000"
"2025-03-03","Chili Red","10287","Gudiyatham(Uzhavar Sandhai )","33","Tamil Nadu","605","Vellore","Bold","16000","16000","16000"
"2025-03-02","Chili Red","10190","Anna nagar(Uzhavar Sandhai )","33","Tamil Nadu","623","Madurai","Bold","24000","24000","24000"
"2025-03-02","Chili Red","10287","Gudiyatham(Uzhavar Sandhai )","33","Tamil Nadu","605","Vellore","Bold","21000","21000","21000"
"2025-03-02","Chili Red","10202","Rasipuram(Uzhavar Sandhai )","33","Tamil Nadu","609","Namakkal","Bold","21000","22000","22000"
"2025-03-01","Chili Red","10287","Gudiyatham(Uzhavar Sandhai )","33","Tamil Nadu","605","Vellore","Bold","20000","20000","20000"
"2025-03-01","Chili Red","10323","Tiruppur (North) (Uzhavar Sandhai )","33","Tamil Nadu","632","Coimbatore","Bold","15000","17000","17000"
"2025-03-01","Chili Red","10202","Rasipuram(Uzhavar Sandhai )","33","Tamil Nadu","609","Namakkal","Bold","21000","22000","22000"
"2025-03-01","Chili Red","10190","Anna nagar(Uzhavar Sandhai )","33","Tamil Nadu","623","Madurai","Bold","24000","24000","24000"
"2025-02-28","Chili Red","10190","Anna nagar(Uzhavar Sandhai )","33","Tamil Nadu","623","Madurai","Bold","24000","24000","24000"
"2025-02-28","Chili Red","10202","Rasipuram(Uzhavar Sandhai )","33","Tamil Nadu","609","Namakkal","Bold","20000","22000","22000"
"2025-02-28","Chili Red","10323","Tiruppur (North) (Uzhavar Sandhai )","33","Tamil Nadu","632","Coimbatore","Bold","15000","17000","17000"
"2025-02-27","Chili Red","10190","Anna nagar(Uzhavar Sandhai )","33","Tamil Nadu","623","Madurai","Bold","24000","24000","24000"
"2025-02-27","Chili Red","10202","Rasipuram(Uzhavar Sandhai )","33","Tamil Nadu","609","Namakkal","Bold","20000","22000","22000"
"2025-02-26","Chili Red","10224","Thathakapatti(Uzhavar Sandhai )","33","Tamil Nadu","608","Salem","Bold","10000","10000","10000"
"2025-02-26","Chili Red","10202","Rasipuram(Uzhavar Sandhai )","33","Tamil Nadu","609","Namakkal","Bold","20000","22000","22000"
"2025-02-26","Chili Red","10190","Anna nagar(Uzhavar Sandhai )","33","Tamil Nadu","623","Madurai","Bold","24000","24000","24000"
"2025-02-25","Chili Red","10190","Anna nagar(Uzhavar Sandhai )","33","Tamil Nadu","623","Madurai","Bold","24000","24000","24000"
"2025-02-25","Chili Red","10224","Thathakapatti(Uzhavar Sandhai )","33","Tamil Nadu","608","Salem","Bold","8000","10000","10000"
"2025-02-25","Chili Red","10287","Gudiyatham(Uzhavar Sandhai )","33","Tamil Nadu","605","Vellore","Bold","18000","18000","18000"
"2025-02-25","Chili Red","10202","Rasipuram(Uzhavar Sandhai )","33","Tamil Nadu","609","Namakkal","Bold","20000","22000","22000"
"2025-02-24","Chili Red","10190","Anna nagar(Uzhavar Sandhai )","33","Tamil Nadu","623","Madurai","Bold","24000","24000","24000"
"2025-02-24","Chili Red","10202","Rasipuram(Uzhavar Sandhai )","33","Tamil Nadu","609","Namakkal","Bold","20000","22000","22000"
"2025-02-23","Chili Red","10190","Anna nagar(Uzhavar Sandhai )","33","Tamil Nadu","623","Madurai","Bold","24000","24000","24000"
"2025-02-23","Chili Red","10202","Rasipuram(Uzhavar Sandhai )","33","Tamil Nadu","609","Namakkal","Bold","21000","22000","22000"
"2025-02-23","Chili Red","10323","Tiruppur (North) (Uzhavar Sandhai )","33","Tamil Nadu","632","Coimbatore","Bold","14000","15000","15000"
"2025-02-23","Chili Red","10287","Gudiyatham(Uzhavar Sandhai )","33","Tamil Nadu","605","Vellore","Bold","20000","20000","20000"